filename,tom,jerry,class,split
frame0.jpg,0,0,neither,train
frame1.jpg,0,0,neither,train
frame2.jpg,0,0,neither,train
frame3.jpg,0,0,neither,train
frame4.jpg,0,0,neither,train
frame5.jpg,0,0,neither,train
frame6.jpg,0,0,neither,train
frame7.jpg,0,0,neither,train
frame8.jpg,0,0,neither,train
frame9.jpg,0,0,neither,train
frame10.jpg,0,0,neither,train
frame11.jpg,0,0,neither,train
frame12.jpg,0,1,jerry,train
frame13.jpg,0,0,neither,train
frame14.jpg,1,0,tom,train
frame15.jpg,1,0,tom,train
frame16.jpg,0,0,neither,train
frame17.jpg,0,1,jerry,train
frame18.jpg,1,1,both,train
frame19.jpg,0,1,jerry,train
frame20.jpg,0,0,neither,train
frame21.jpg,0,0,neither,train
frame22.jpg,0,0,neither,train
frame23.jpg,0,0,neither,train
frame24.jpg,0,0,neither,train
frame25.jpg,0,0,neither,train
frame26.jpg,0,0,neither,train
frame27.jpg,0,0,neither,train
frame28.jpg,0,0,neither,train
frame29.jpg,0,1,jerry,train
frame30.jpg,0,1,jerry,train
frame31.jpg,1,0,tom,train
frame32.jpg,0,0,neither,train
frame33.jpg,1,0,tom,train
frame34.jpg,1,0,tom,train
frame35.jpg,1,0,tom,train
frame36.jpg,1,0,tom,train
frame37.jpg,0,0,neither,train
frame38.jpg,0,0,neither,train
frame39.jpg,0,0,neither,train
frame40.jpg,0,0,neither,train
frame41.jpg,0,0,neither,train
frame42.jpg,1,0,tom,train
frame43.jpg,1,0,tom,train
frame44.jpg,0,0,neither,train
frame45.jpg,0,0,neither,train
frame46.jpg,1,0,tom,train
frame47.jpg,0,0,neither,train
frame48.jpg,1,0,tom,train
frame49.jpg,1,0,tom,train
frame50.jpg,1,0,tom,train
frame51.jpg,0,0,neither,train
frame52.jpg,0,0,neither,train
frame53.jpg,0,0,neither,train
frame54.jpg,1,0,tom,train
frame55.jpg,1,0,tom,train
frame56.jpg,1,0,tom,train
frame57.jpg,0,0,neither,train
frame58.jpg,0,0,neither,train
frame59.jpg,0,0,neither,train
frame60.jpg,0,0,neither,train
frame61.jpg,0,0,neither,train
frame62.jpg,0,0,neither,train
frame63.jpg,0,0,neither,train
frame64.jpg,0,0,neither,train
frame65.jpg,0,0,neither,train
frame66.jpg,0,0,neither,train
frame67.jpg,0,0,neither,train
frame68.jpg,0,0,neither,train
frame69.jpg,0,0,neither,train
frame70.jpg,0,0,neither,train
frame71.jpg,0,0,neither,train
frame72.jpg,0,0,neither,train
frame73.jpg,0,0,neither,train
frame74.jpg,0,0,neither,train
frame75.jpg,0,0,neither,train
frame76.jpg,0,0,neither,train
frame77.jpg,0,0,neither,train
frame78.jpg,0,0,neither,train
frame79.jpg,0,0,neither,train
frame80.jpg,0,0,neither,train
frame81.jpg,0,0,neither,train
frame82.jpg,0,0,neither,train
frame83.jpg,0,0,neither,train
frame84.jpg,0,0,neither,train
frame85.jpg,0,0,neither,train
frame86.jpg,0,0,neither,train
frame87.jpg,0,0,neither,train
frame88.jpg,0,0,neither,train
frame89.jpg,0,0,neither,train
frame90.jpg,0,0,neither,train
frame91.jpg,0,0,neither,train
frame92.jpg,0,0,neither,train
frame93.jpg,0,0,neither,train
frame94.jpg,0,0,neither,train
frame95.jpg,0,0,neither,train
frame96.jpg,0,0,neither,train
frame97.jpg,0,0,neither,train
frame98.jpg,0,0,neither,train
frame99.jpg,0,1,jerry,train
frame100.jpg,0,1,jerry,train
frame101.jpg,1,1,both,train
frame102.jpg,1,1,both,train
frame103.jpg,1,1,both,train
frame104.jpg,0,1,jerry,train
frame105.jpg,0,1,jerry,train
frame106.jpg,0,1,jerry,train
frame107.jpg,1,1,both,train
frame108.jpg,0,0,neither,train
frame109.jpg,1,0,tom,train
frame110.jpg,1,0,tom,train
frame111.jpg,1,0,tom,train
frame112.jpg,1,0,tom,train
frame113.jpg,0,1,jerry,train
frame114.jpg,0,1,jerry,train
frame115.jpg,0,0,neither,train
frame116.jpg,1,0,tom,train
frame117.jpg,1,0,tom,train
frame118.jpg,1,0,tom,train
frame119.jpg,1,0,tom,train
frame120.jpg,1,0,tom,train
frame121.jpg,1,0,tom,train
frame122.jpg,1,0,tom,train
frame123.jpg,1,0,tom,train
frame124.jpg,1,0,tom,train
frame125.jpg,1,0,tom,train
frame126.jpg,1,0,tom,train
frame127.jpg,0,0,neither,train
frame128.jpg,1,0,tom,train
frame129.jpg,1,0,tom,train
frame130.jpg,1,0,tom,train
frame131.jpg,0,0,neither,train
frame132.jpg,0,0,neither,train
frame133.jpg,0,0,neither,train
frame134.jpg,0,1,jerry,train
frame135.jpg,0,1,jerry,train
frame136.jpg,0,1,jerry,train
frame137.jpg,1,0,tom,train
frame138.jpg,1,0,tom,train
frame139.jpg,0,0,neither,train
frame140.jpg,0,0,neither,train
frame141.jpg,1,0,tom,train
frame142.jpg,1,0,tom,train
frame143.jpg,1,0,tom,train
frame144.jpg,1,0,tom,train
frame145.jpg,1,0,tom,train
frame146.jpg,1,0,tom,train
frame147.jpg,0,0,neither,train
frame148.jpg,0,0,neither,train
frame149.jpg,0,0,neither,train
frame150.jpg,0,0,neither,train
frame151.jpg,1,0,tom,train
frame152.jpg,1,0,tom,train
frame153.jpg,1,0,tom,train
frame154.jpg,1,0,tom,train
frame155.jpg,1,0,tom,train
frame156.jpg,1,0,tom,train
frame157.jpg,0,1,jerry,train
frame158.jpg,1,0,tom,train
frame159.jpg,1,0,tom,train
frame160.jpg,1,0,tom,train
frame161.jpg,1,0,tom,train
frame162.jpg,1,0,tom,train
frame163.jpg,1,0,tom,train
frame164.jpg,1,0,tom,train
frame165.jpg,1,0,tom,train
frame166.jpg,1,0,tom,train
frame167.jpg,1,0,tom,train
frame168.jpg,0,0,neither,train
frame169.jpg,1,0,tom,train
frame170.jpg,1,0,tom,train
frame171.jpg,1,0,tom,train
frame172.jpg,0,0,neither,train
frame173.jpg,0,0,neither,train
frame174.jpg,1,0,tom,train
frame175.jpg,1,0,tom,train
frame176.jpg,1,0,tom,train
frame177.jpg,1,0,tom,train
frame178.jpg,1,0,tom,train
frame179.jpg,1,1,both,train
frame180.jpg,1,1,both,train
frame181.jpg,1,1,both,train
frame182.jpg,0,0,neither,train
frame183.jpg,0,0,neither,train
frame184.jpg,0,0,neither,train
frame185.jpg,1,1,both,train
frame186.jpg,1,1,both,train
frame187.jpg,1,0,tom,train
frame188.jpg,0,0,neither,train
frame189.jpg,0,0,neither,train
frame190.jpg,0,0,neither,train
frame191.jpg,0,0,neither,train
frame192.jpg,0,0,neither,train
frame193.jpg,0,0,neither,train
frame194.jpg,1,0,tom,train
frame195.jpg,1,1,both,train
frame196.jpg,1,1,both,train
frame197.jpg,1,1,both,train
frame198.jpg,1,1,both,train
frame199.jpg,1,1,both,train
frame200.jpg,1,1,both,train
frame201.jpg,1,1,both,train
frame202.jpg,1,1,both,train
frame203.jpg,1,1,both,train
frame204.jpg,1,1,both,train
frame205.jpg,0,0,neither,train
frame206.jpg,0,0,neither,train
frame207.jpg,1,0,tom,train
frame208.jpg,1,0,tom,train
frame209.jpg,1,0,tom,train
frame210.jpg,1,0,tom,train
frame211.jpg,1,0,tom,train
frame212.jpg,0,0,neither,train
frame213.jpg,0,0,neither,train
frame214.jpg,0,0,neither,train
frame215.jpg,0,1,jerry,train
frame216.jpg,0,1,jerry,train
frame217.jpg,0,1,jerry,train
frame218.jpg,0,0,neither,train
frame219.jpg,0,0,neither,train
frame220.jpg,0,0,neither,train
frame221.jpg,0,0,neither,train
frame222.jpg,0,1,jerry,train
frame223.jpg,0,1,jerry,train
frame224.jpg,0,1,jerry,train
frame225.jpg,0,0,neither,train
frame226.jpg,0,0,neither,train
frame227.jpg,1,0,tom,train
frame228.jpg,1,0,tom,train
frame229.jpg,1,0,tom,train
frame230.jpg,1,0,tom,train
frame231.jpg,1,0,tom,train
frame232.jpg,1,0,tom,train
frame233.jpg,1,0,tom,train
frame234.jpg,1,0,tom,train
frame235.jpg,1,0,tom,train
frame236.jpg,0,0,neither,train
frame237.jpg,1,0,tom,train
frame238.jpg,1,0,tom,train
frame239.jpg,0,0,neither,train
frame240.jpg,0,0,neither,train
frame241.jpg,1,0,tom,train
frame242.jpg,1,0,tom,train
frame243.jpg,1,0,tom,train
frame244.jpg,1,0,tom,train
frame245.jpg,1,0,tom,train
frame246.jpg,1,0,tom,train
frame247.jpg,1,0,tom,train
frame248.jpg,0,0,neither,train
frame249.jpg,0,0,neither,train
frame250.jpg,0,0,neither,train
frame251.jpg,0,0,neither,train
frame252.jpg,0,0,neither,train
frame253.jpg,0,0,neither,train
frame254.jpg,0,0,neither,train
frame255.jpg,0,0,neither,train
frame256.jpg,0,0,neither,train
frame257.jpg,0,0,neither,train
frame258.jpg,0,0,neither,train
frame259.jpg,0,0,neither,train
frame260.jpg,0,0,neither,train
frame261.jpg,0,0,neither,train
frame262.jpg,0,0,neither,train
frame263.jpg,0,0,neither,train
frame264.jpg,0,0,neither,train
frame265.jpg,0,0,neither,train
frame266.jpg,0,0,neither,train
frame267.jpg,0,0,neither,train
frame268.jpg,0,0,neither,train
frame269.jpg,1,1,both,train
frame270.jpg,1,1,both,train
frame271.jpg,1,1,both,train
frame272.jpg,0,0,neither,train
frame273.jpg,0,0,neither,train
frame274.jpg,0,0,neither,train
frame275.jpg,0,0,neither,train
frame276.jpg,0,0,neither,train
frame277.jpg,1,0,tom,train
frame278.jpg,1,0,tom,train
frame279.jpg,1,0,tom,train
frame280.jpg,1,0,tom,train
frame281.jpg,1,0,tom,train
frame282.jpg,1,0,tom,train
frame283.jpg,1,0,tom,train
frame284.jpg,1,0,tom,train
frame285.jpg,1,0,tom,train
frame286.jpg,1,0,tom,train
frame287.jpg,0,0,neither,train
frame288.jpg,0,0,neither,train
frame289.jpg,1,1,both,train
frame290.jpg,1,1,both,train
frame291.jpg,1,1,both,train
frame292.jpg,1,1,both,train
frame293.jpg,0,0,neither,train
frame294.jpg,1,1,both,train
frame295.jpg,0,0,neither,train
frame296.jpg,0,0,neither,train
frame297.jpg,0,0,neither,train
frame298.jpg,0,0,neither,train
frame299.jpg,0,0,neither,train
frame300.jpg,1,1,both,val
frame301.jpg,1,1,both,val
frame302.jpg,1,0,tom,val
frame303.jpg,1,0,tom,val
frame304.jpg,0,1,jerry,val
frame305.jpg,0,1,jerry,val
frame306.jpg,0,1,jerry,val
frame307.jpg,0,1,jerry,val
frame308.jpg,1,1,both,val
frame309.jpg,1,0,tom,val
frame310.jpg,0,0,neither,val
frame311.jpg,0,1,jerry,val
frame312.jpg,0,1,jerry,val
frame313.jpg,0,1,jerry,val
frame314.jpg,0,1,jerry,val
frame315.jpg,0,1,jerry,val
frame316.jpg,0,1,jerry,val
frame317.jpg,0,1,jerry,val
frame318.jpg,0,1,jerry,val
frame319.jpg,0,1,jerry,val
frame320.jpg,0,1,jerry,val
frame321.jpg,1,0,tom,val
frame322.jpg,1,0,tom,val
frame323.jpg,1,0,tom,val
frame324.jpg,0,1,jerry,val
frame325.jpg,1,1,both,val
frame326.jpg,1,1,both,val
frame327.jpg,0,1,jerry,val
frame328.jpg,0,1,jerry,val
frame329.jpg,0,1,jerry,val
frame330.jpg,0,1,jerry,val
frame331.jpg,0,1,jerry,val
frame332.jpg,0,1,jerry,val
frame333.jpg,0,1,jerry,val
frame334.jpg,0,1,jerry,val
frame335.jpg,0,1,jerry,val
frame336.jpg,0,1,jerry,val
frame337.jpg,0,1,jerry,val
frame338.jpg,0,1,jerry,val
frame339.jpg,0,1,jerry,val
frame340.jpg,0,1,jerry,val
frame341.jpg,0,1,jerry,val
frame342.jpg,0,0,neither,val
frame343.jpg,0,1,jerry,val
frame344.jpg,0,1,jerry,val
frame345.jpg,1,0,tom,val
frame346.jpg,1,0,tom,val
frame347.jpg,1,1,both,val
frame348.jpg,1,1,both,val
frame349.jpg,1,1,both,val
frame350.jpg,1,1,both,train
frame351.jpg,1,1,both,train
frame352.jpg,1,1,both,train
frame353.jpg,1,1,both,train
frame354.jpg,1,1,both,train
frame355.jpg,1,1,both,train
frame356.jpg,1,1,both,train
frame357.jpg,1,1,both,train
frame358.jpg,1,1,both,train
frame359.jpg,1,1,both,train
frame360.jpg,0,1,jerry,train
frame361.jpg,0,0,neither,train
frame362.jpg,0,0,neither,train
frame363.jpg,0,0,neither,train
frame364.jpg,1,0,tom,train
frame365.jpg,1,0,tom,train
frame366.jpg,1,0,tom,train
frame367.jpg,1,0,tom,train
frame368.jpg,1,0,tom,train
frame369.jpg,1,0,tom,train
frame370.jpg,0,0,neither,train
frame371.jpg,0,0,neither,train
frame372.jpg,0,0,neither,train
frame373.jpg,0,0,neither,train
frame374.jpg,0,0,neither,train
frame375.jpg,0,0,neither,train
frame376.jpg,0,0,neither,train
frame377.jpg,0,0,neither,train
frame378.jpg,0,0,neither,train
frame379.jpg,0,0,neither,train
frame380.jpg,0,0,neither,train
frame381.jpg,0,0,neither,train
frame382.jpg,0,0,neither,train
frame383.jpg,0,0,neither,train
frame384.jpg,1,0,tom,train
frame385.jpg,1,0,tom,train
frame386.jpg,1,0,tom,train
frame387.jpg,1,0,tom,train
frame388.jpg,1,0,tom,train
frame389.jpg,1,0,tom,train
frame390.jpg,1,0,tom,train
frame391.jpg,0,0,neither,train
frame392.jpg,0,0,neither,train
frame393.jpg,0,0,neither,train
frame394.jpg,0,0,neither,train
frame395.jpg,1,0,tom,train
frame396.jpg,1,0,tom,train
frame397.jpg,1,0,tom,train
frame398.jpg,0,0,neither,train
frame399.jpg,1,0,tom,train
frame400.jpg,1,0,tom,train
frame401.jpg,1,0,tom,train
frame402.jpg,1,0,tom,train
frame403.jpg,1,0,tom,train
frame404.jpg,1,0,tom,train
frame405.jpg,1,0,tom,train
frame406.jpg,1,0,tom,train
frame407.jpg,1,0,tom,train
frame408.jpg,1,0,tom,train
frame409.jpg,1,0,tom,train
frame410.jpg,1,0,tom,train
frame411.jpg,1,0,tom,train
frame412.jpg,1,0,tom,train
frame413.jpg,1,0,tom,train
frame414.jpg,1,0,tom,train
frame415.jpg,1,0,tom,train
frame416.jpg,1,0,tom,train
frame417.jpg,1,0,tom,train
frame418.jpg,1,0,tom,train
frame419.jpg,1,0,tom,train
frame420.jpg,1,0,tom,train
frame421.jpg,1,0,tom,train
frame422.jpg,1,0,tom,train
frame423.jpg,1,0,tom,train
frame424.jpg,1,0,tom,train
frame425.jpg,1,0,tom,train
frame426.jpg,1,0,tom,train
frame427.jpg,1,0,tom,train
frame428.jpg,0,0,neither,train
frame429.jpg,1,0,tom,train
frame430.jpg,1,0,tom,train
frame431.jpg,1,0,tom,train
frame432.jpg,1,0,tom,train
frame433.jpg,1,0,tom,train
frame434.jpg,1,0,tom,train
frame435.jpg,1,0,tom,train
frame436.jpg,1,0,tom,train
frame437.jpg,1,0,tom,train
frame438.jpg,1,0,tom,train
frame439.jpg,1,0,tom,train
frame440.jpg,1,0,tom,train
frame441.jpg,1,0,tom,train
frame442.jpg,1,0,tom,train
frame443.jpg,0,0,neither,train
frame444.jpg,0,0,neither,train
frame445.jpg,1,0,tom,train
frame446.jpg,1,0,tom,train
frame447.jpg,1,0,tom,train
frame448.jpg,1,0,tom,train
frame449.jpg,1,0,tom,train
frame450.jpg,1,0,tom,train
frame451.jpg,1,0,tom,train
frame452.jpg,1,0,tom,train
frame453.jpg,0,0,neither,train
frame454.jpg,1,0,tom,train
frame455.jpg,1,0,tom,train
frame456.jpg,0,0,neither,train
frame457.jpg,1,0,tom,train
frame458.jpg,1,0,tom,train
frame459.jpg,1,0,tom,train
frame460.jpg,1,0,tom,train
frame461.jpg,0,0,neither,train
frame462.jpg,0,0,neither,train
frame463.jpg,0,0,neither,train
frame464.jpg,1,0,tom,train
frame465.jpg,1,0,tom,train
frame466.jpg,1,0,tom,train
frame467.jpg,1,0,tom,train
frame468.jpg,1,0,tom,train
frame469.jpg,1,0,tom,train
frame470.jpg,1,0,tom,train
frame471.jpg,1,0,tom,train
frame472.jpg,0,0,neither,train
frame473.jpg,0,0,neither,train
frame474.jpg,0,0,neither,train
frame475.jpg,0,0,neither,train
frame476.jpg,0,0,neither,train
frame477.jpg,0,1,jerry,train
frame478.jpg,0,1,jerry,train
frame479.jpg,0,1,jerry,train
frame480.jpg,0,1,jerry,train
frame481.jpg,0,1,jerry,train
frame482.jpg,0,1,jerry,train
frame483.jpg,0,1,jerry,train
frame484.jpg,0,1,jerry,train
frame485.jpg,1,0,tom,train
frame486.jpg,1,0,tom,train
frame487.jpg,1,0,tom,train
frame488.jpg,1,0,tom,train
frame489.jpg,1,0,tom,train
frame490.jpg,0,1,jerry,train
frame491.jpg,0,1,jerry,train
frame492.jpg,1,1,both,train
frame493.jpg,0,1,jerry,train
frame494.jpg,1,1,both,train
frame495.jpg,1,1,both,train
frame496.jpg,1,1,both,train
frame497.jpg,1,1,both,train
frame498.jpg,1,1,both,train
frame499.jpg,1,1,both,train
frame500.jpg,1,1,both,train
frame501.jpg,1,1,both,train
frame502.jpg,1,0,tom,train
frame503.jpg,1,0,tom,train
frame504.jpg,1,0,tom,train
frame505.jpg,0,0,neither,train
frame506.jpg,0,0,neither,train
frame507.jpg,0,0,neither,train
frame508.jpg,0,0,neither,train
frame509.jpg,1,0,tom,train
frame510.jpg,1,0,tom,train
frame511.jpg,1,0,tom,train
frame512.jpg,1,0,tom,train
frame513.jpg,1,0,tom,train
frame514.jpg,1,0,tom,train
frame515.jpg,1,0,tom,train
frame516.jpg,1,0,tom,train
frame517.jpg,1,0,tom,train
frame518.jpg,1,0,tom,train
frame519.jpg,0,0,neither,train
frame520.jpg,0,0,neither,train
frame521.jpg,0,0,neither,train
frame522.jpg,0,0,neither,train
frame523.jpg,0,0,neither,train
frame524.jpg,0,0,neither,train
frame525.jpg,0,0,neither,train
frame526.jpg,0,0,neither,train
frame527.jpg,0,0,neither,train
frame528.jpg,0,0,neither,train
frame529.jpg,0,0,neither,train
frame530.jpg,0,0,neither,train
frame531.jpg,0,0,neither,train
frame532.jpg,0,0,neither,train
frame533.jpg,1,0,tom,train
frame534.jpg,1,0,tom,train
frame535.jpg,1,0,tom,train
frame536.jpg,1,0,tom,train
frame537.jpg,1,0,tom,train
frame538.jpg,1,0,tom,train
frame539.jpg,1,0,tom,train
frame540.jpg,1,0,tom,train
frame541.jpg,0,0,neither,train
frame542.jpg,1,0,tom,train
frame543.jpg,1,0,tom,train
frame544.jpg,1,0,tom,train
frame545.jpg,1,0,tom,train
frame546.jpg,1,0,tom,train
frame547.jpg,1,0,tom,train
frame548.jpg,1,0,tom,train
frame549.jpg,1,0,tom,train
frame550.jpg,1,0,tom,test
frame551.jpg,1,0,tom,test
frame552.jpg,1,0,tom,test
frame553.jpg,1,0,tom,test
frame554.jpg,0,0,neither,test
frame555.jpg,0,0,neither,test
frame556.jpg,1,0,tom,test
frame557.jpg,1,0,tom,test
frame558.jpg,1,0,tom,test
frame559.jpg,1,0,tom,test
frame560.jpg,0,0,neither,test
frame561.jpg,0,0,neither,test
frame562.jpg,0,0,neither,test
frame563.jpg,0,0,neither,test
frame564.jpg,0,0,neither,test
frame565.jpg,1,0,tom,test
frame566.jpg,1,0,tom,test
frame567.jpg,1,0,tom,test
frame568.jpg,1,0,tom,test
frame569.jpg,1,0,tom,test
frame570.jpg,1,0,tom,test
frame571.jpg,1,0,tom,test
frame572.jpg,1,0,tom,test
frame573.jpg,1,0,tom,test
frame574.jpg,1,0,tom,test
frame575.jpg,1,0,tom,test
frame576.jpg,1,0,tom,test
frame577.jpg,1,0,tom,test
frame578.jpg,1,0,tom,test
frame579.jpg,1,0,tom,test
frame580.jpg,1,0,tom,test
frame581.jpg,1,0,tom,test
frame582.jpg,1,0,tom,test
frame583.jpg,1,0,tom,test
frame584.jpg,0,0,neither,test
frame585.jpg,1,0,tom,test
frame586.jpg,1,0,tom,test
frame587.jpg,1,0,tom,test
frame588.jpg,1,0,tom,test
frame589.jpg,1,0,tom,test
frame590.jpg,1,0,tom,test
frame591.jpg,0,0,neither,test
frame592.jpg,0,0,neither,test
frame593.jpg,0,0,neither,test
frame594.jpg,0,0,neither,test
frame595.jpg,0,0,neither,test
frame596.jpg,0,0,neither,test
frame597.jpg,0,0,neither,test
frame598.jpg,0,0,neither,test
frame599.jpg,0,0,neither,test
frame600.jpg,0,0,neither,train
frame601.jpg,0,0,neither,train
frame602.jpg,0,0,neither,train
frame603.jpg,0,0,neither,train
frame604.jpg,0,0,neither,train
frame605.jpg,0,0,neither,train
frame606.jpg,0,1,jerry,train
frame607.jpg,0,1,jerry,train
frame608.jpg,0,1,jerry,train
frame609.jpg,0,1,jerry,train
frame610.jpg,0,0,neither,train
frame611.jpg,0,0,neither,train
frame612.jpg,0,0,neither,train
frame613.jpg,0,1,jerry,train
frame614.jpg,0,1,jerry,train
frame615.jpg,0,1,jerry,train
frame616.jpg,0,1,jerry,train
frame617.jpg,0,1,jerry,train
frame618.jpg,0,1,jerry,train
frame619.jpg,0,1,jerry,train
frame620.jpg,0,0,neither,train
frame621.jpg,0,0,neither,train
frame622.jpg,0,0,neither,train
frame623.jpg,0,0,neither,train
frame624.jpg,0,0,neither,train
frame625.jpg,0,0,neither,train
frame626.jpg,0,0,neither,train
frame627.jpg,0,0,neither,train
frame628.jpg,0,0,neither,train
frame629.jpg,0,0,neither,train
frame630.jpg,0,0,neither,train
frame631.jpg,0,0,neither,train
frame632.jpg,0,0,neither,train
frame633.jpg,0,0,neither,train
frame634.jpg,0,0,neither,train
frame635.jpg,0,1,jerry,train
frame636.jpg,0,1,jerry,train
frame637.jpg,0,0,neither,train
frame638.jpg,0,0,neither,train
frame639.jpg,0,0,neither,train
frame640.jpg,0,0,neither,train
frame641.jpg,0,0,neither,train
frame642.jpg,1,1,both,train
frame643.jpg,1,1,both,train
frame644.jpg,1,1,both,train
frame645.jpg,1,1,both,train
frame646.jpg,1,1,both,train
frame647.jpg,1,1,both,train
frame648.jpg,1,1,both,train
frame649.jpg,1,1,both,train
frame650.jpg,1,1,both,train
frame651.jpg,1,1,both,train
frame652.jpg,1,1,both,train
frame653.jpg,1,1,both,train
frame654.jpg,1,1,both,train
frame655.jpg,1,1,both,train
frame656.jpg,1,1,both,train
frame657.jpg,1,1,both,train
frame658.jpg,1,1,both,train
frame659.jpg,1,1,both,train
frame660.jpg,1,1,both,train
frame661.jpg,1,1,both,train
frame662.jpg,1,1,both,train
frame663.jpg,1,1,both,train
frame664.jpg,1,1,both,train
frame665.jpg,1,1,both,train
frame666.jpg,1,1,both,train
frame667.jpg,1,1,both,train
frame668.jpg,1,1,both,train
frame669.jpg,1,1,both,train
frame670.jpg,1,1,both,train
frame671.jpg,1,1,both,train
frame672.jpg,1,1,both,train
frame673.jpg,1,1,both,train
frame674.jpg,1,1,both,train
frame675.jpg,1,1,both,train
frame676.jpg,1,0,tom,train
frame677.jpg,1,0,tom,train
frame678.jpg,1,0,tom,train
frame679.jpg,1,1,both,train
frame680.jpg,1,1,both,train
frame681.jpg,1,1,both,train
frame682.jpg,1,1,both,train
frame683.jpg,1,1,both,train
frame684.jpg,1,1,both,train
frame685.jpg,1,1,both,train
frame686.jpg,0,0,neither,train
frame687.jpg,0,0,neither,train
frame688.jpg,0,1,jerry,train
frame689.jpg,0,1,jerry,train
frame690.jpg,0,1,jerry,train
frame691.jpg,0,1,jerry,train
frame692.jpg,0,1,jerry,train
frame693.jpg,0,1,jerry,train
frame694.jpg,0,1,jerry,train
frame695.jpg,0,1,jerry,train
frame696.jpg,0,0,neither,train
frame697.jpg,0,0,neither,train
frame698.jpg,0,0,neither,train
frame699.jpg,0,0,neither,train
frame700.jpg,0,0,neither,train
frame701.jpg,0,0,neither,train
frame702.jpg,0,0,neither,train
frame703.jpg,0,0,neither,train
frame704.jpg,0,1,jerry,train
frame705.jpg,0,1,jerry,train
frame706.jpg,0,1,jerry,train
frame707.jpg,0,1,jerry,train
frame708.jpg,0,1,jerry,train
frame709.jpg,1,1,both,train
frame710.jpg,1,1,both,train
frame711.jpg,1,1,both,train
frame712.jpg,1,1,both,train
frame713.jpg,1,1,both,train
frame714.jpg,1,1,both,train
frame715.jpg,1,0,tom,train
frame716.jpg,0,1,jerry,train
frame717.jpg,0,1,jerry,train
frame718.jpg,1,0,tom,train
frame719.jpg,1,0,tom,train
frame720.jpg,1,0,tom,train
frame721.jpg,1,1,both,train
frame722.jpg,1,1,both,train
frame723.jpg,1,1,both,train
frame724.jpg,1,1,both,train
frame725.jpg,1,1,both,train
frame726.jpg,1,1,both,train
frame727.jpg,1,1,both,train
frame728.jpg,0,0,neither,train
frame729.jpg,0,0,neither,train
frame730.jpg,0,0,neither,train
frame731.jpg,0,0,neither,train
frame732.jpg,0,0,neither,train
frame733.jpg,0,0,neither,train
frame734.jpg,1,1,both,train
frame735.jpg,1,1,both,train
frame736.jpg,1,1,both,train
frame737.jpg,0,0,neither,train
frame738.jpg,0,1,jerry,train
frame739.jpg,0,1,jerry,train
frame740.jpg,1,0,tom,train
frame741.jpg,1,0,tom,train
frame742.jpg,1,0,tom,train
frame743.jpg,0,0,neither,train
frame744.jpg,0,1,jerry,train
frame745.jpg,0,0,neither,train
frame746.jpg,1,0,tom,train
frame747.jpg,1,1,both,train
frame748.jpg,1,1,both,train
frame749.jpg,0,0,neither,train
frame750.jpg,0,0,neither,train
frame751.jpg,0,0,neither,train
frame752.jpg,0,0,neither,train
frame753.jpg,0,0,neither,train
frame754.jpg,1,1,both,train
frame755.jpg,1,1,both,train
frame756.jpg,1,1,both,train
frame757.jpg,1,1,both,train
frame758.jpg,1,1,both,train
frame759.jpg,1,1,both,train
frame760.jpg,1,1,both,train
frame761.jpg,1,1,both,train
frame762.jpg,1,1,both,train
frame763.jpg,1,1,both,train
frame764.jpg,1,1,both,train
frame765.jpg,1,1,both,train
frame766.jpg,1,1,both,train
frame767.jpg,1,1,both,train
frame768.jpg,1,1,both,train
frame769.jpg,0,1,jerry,train
frame770.jpg,1,0,tom,train
frame771.jpg,1,0,tom,train
frame772.jpg,1,1,both,train
frame773.jpg,1,0,tom,train
frame774.jpg,1,0,tom,train
frame775.jpg,1,0,tom,train
frame776.jpg,1,1,both,train
frame777.jpg,1,1,both,train
frame778.jpg,1,1,both,train
frame779.jpg,1,1,both,train
frame780.jpg,1,1,both,train
frame781.jpg,1,1,both,train
frame782.jpg,1,1,both,train
frame783.jpg,1,1,both,train
frame784.jpg,1,1,both,train
frame785.jpg,0,0,neither,train
frame786.jpg,0,0,neither,train
frame787.jpg,0,0,neither,train
frame788.jpg,0,0,neither,train
frame789.jpg,0,0,neither,train
frame790.jpg,0,0,neither,train
frame791.jpg,0,0,neither,train
frame792.jpg,0,0,neither,train
frame793.jpg,0,0,neither,train
frame794.jpg,0,0,neither,train
frame795.jpg,0,0,neither,train
frame796.jpg,0,0,neither,train
frame797.jpg,1,1,both,train
frame798.jpg,0,0,neither,train
frame799.jpg,0,1,jerry,train
frame800.jpg,0,1,jerry,test
frame801.jpg,0,1,jerry,test
frame802.jpg,0,0,neither,test
frame803.jpg,1,0,tom,test
frame804.jpg,1,0,tom,test
frame805.jpg,1,0,tom,test
frame806.jpg,1,0,tom,test
frame807.jpg,1,0,tom,test
frame808.jpg,1,0,tom,test
frame809.jpg,1,0,tom,test
frame810.jpg,1,0,tom,test
frame811.jpg,1,0,tom,test
frame812.jpg,1,0,tom,test
frame813.jpg,1,0,tom,test
frame814.jpg,1,0,tom,test
frame815.jpg,1,0,tom,test
frame816.jpg,1,0,tom,test
frame817.jpg,1,0,tom,test
frame818.jpg,1,0,tom,test
frame819.jpg,0,1,jerry,test
frame820.jpg,0,1,jerry,test
frame821.jpg,0,1,jerry,test
frame822.jpg,0,1,jerry,test
frame823.jpg,1,1,both,test
frame824.jpg,0,1,jerry,test
frame825.jpg,0,1,jerry,test
frame826.jpg,0,1,jerry,test
frame827.jpg,0,1,jerry,test
frame828.jpg,0,1,jerry,test
frame829.jpg,0,1,jerry,test
frame830.jpg,1,1,both,test
frame831.jpg,1,1,both,test
frame832.jpg,0,1,jerry,test
frame833.jpg,0,1,jerry,test
frame834.jpg,0,1,jerry,test
frame835.jpg,0,1,jerry,test
frame836.jpg,0,1,jerry,test
frame837.jpg,0,1,jerry,test
frame838.jpg,1,1,both,test
frame839.jpg,1,1,both,test
frame840.jpg,1,1,both,test
frame841.jpg,1,1,both,test
frame842.jpg,0,1,jerry,test
frame843.jpg,0,1,jerry,test
frame844.jpg,0,0,neither,test
frame845.jpg,0,1,jerry,test
frame846.jpg,0,1,jerry,test
frame847.jpg,1,0,tom,test
frame848.jpg,0,1,jerry,test
frame849.jpg,1,0,tom,test
frame850.jpg,1,0,tom,test
frame851.jpg,1,0,tom,test
frame852.jpg,1,0,tom,test
frame853.jpg,0,1,jerry,test
frame854.jpg,0,1,jerry,test
frame855.jpg,0,0,neither,test
frame856.jpg,0,1,jerry,test
frame857.jpg,0,1,jerry,test
frame858.jpg,0,1,jerry,test
frame859.jpg,0,0,neither,test
frame860.jpg,0,1,jerry,test
frame861.jpg,0,1,jerry,test
frame862.jpg,0,0,neither,test
frame863.jpg,0,1,jerry,test
frame864.jpg,0,1,jerry,test
frame865.jpg,0,1,jerry,test
frame866.jpg,0,1,jerry,test
frame867.jpg,0,0,neither,test
frame868.jpg,0,0,neither,test
frame869.jpg,0,1,jerry,test
frame870.jpg,1,0,tom,test
frame871.jpg,1,0,tom,test
frame872.jpg,1,0,tom,test
frame873.jpg,1,0,tom,test
frame874.jpg,0,0,neither,test
frame875.jpg,0,0,neither,test
frame876.jpg,0,0,neither,test
frame877.jpg,1,0,tom,test
frame878.jpg,1,0,tom,test
frame879.jpg,0,0,neither,test
frame880.jpg,1,0,tom,test
frame881.jpg,1,0,tom,test
frame882.jpg,1,0,tom,test
frame883.jpg,1,0,tom,test
frame884.jpg,1,0,tom,test
frame885.jpg,1,0,tom,test
frame886.jpg,1,0,tom,test
frame887.jpg,1,0,tom,test
frame888.jpg,1,0,tom,test
frame889.jpg,1,0,tom,test
frame890.jpg,0,0,neither,test
frame891.jpg,1,0,tom,test
frame892.jpg,0,0,neither,test
frame893.jpg,1,0,tom,test
frame894.jpg,0,1,jerry,test
frame895.jpg,1,1,both,test
frame896.jpg,1,1,both,test
frame897.jpg,0,0,neither,test
frame898.jpg,0,0,neither,test
frame899.jpg,1,1,both,test
frame900.jpg,1,1,both,test
frame901.jpg,1,1,both,test
frame902.jpg,1,1,both,test
frame903.jpg,1,1,both,test
frame904.jpg,1,0,tom,test
frame905.jpg,1,0,tom,test
frame906.jpg,1,0,tom,test
frame907.jpg,1,0,tom,test
frame908.jpg,1,0,tom,test
frame909.jpg,1,0,tom,test
frame910.jpg,0,0,neither,test
frame911.jpg,1,1,both,test
frame912.jpg,1,1,both,test
frame913.jpg,1,1,both,test
frame914.jpg,1,1,both,test
frame915.jpg,1,1,both,test
frame916.jpg,1,1,both,test
frame917.jpg,1,1,both,test
frame918.jpg,1,1,both,test
frame919.jpg,1,1,both,test
frame920.jpg,1,1,both,test
frame921.jpg,1,1,both,test
frame922.jpg,1,1,both,test
frame923.jpg,1,1,both,test
frame924.jpg,1,1,both,test
frame925.jpg,1,1,both,test
frame926.jpg,0,0,neither,test
frame927.jpg,1,0,tom,test
frame928.jpg,1,1,both,test
frame929.jpg,1,1,both,test
frame930.jpg,1,1,both,test
frame931.jpg,1,1,both,test
frame932.jpg,1,1,both,test
frame933.jpg,1,1,both,test
frame934.jpg,1,1,both,test
frame935.jpg,1,1,both,test
frame936.jpg,1,1,both,test
frame937.jpg,1,1,both,test
frame938.jpg,1,1,both,test
frame939.jpg,1,1,both,test
frame940.jpg,1,1,both,test
frame941.jpg,0,0,neither,test
frame942.jpg,0,0,neither,test
frame943.jpg,0,0,neither,test
frame944.jpg,0,0,neither,test
frame945.jpg,0,0,neither,test
frame946.jpg,0,0,neither,test
frame947.jpg,0,0,neither,test
frame948.jpg,1,0,tom,test
frame949.jpg,1,0,tom,test
frame950.jpg,1,0,tom,train
frame951.jpg,1,0,tom,train
frame952.jpg,1,0,tom,train
frame953.jpg,1,0,tom,train
frame954.jpg,1,0,tom,train
frame955.jpg,1,0,tom,train
frame956.jpg,1,0,tom,train
frame957.jpg,1,0,tom,train
frame958.jpg,1,0,tom,train
frame959.jpg,1,0,tom,train
frame960.jpg,1,0,tom,train
frame961.jpg,1,0,tom,train
frame962.jpg,1,0,tom,train
frame963.jpg,1,0,tom,train
frame964.jpg,1,0,tom,train
frame965.jpg,1,0,tom,train
frame966.jpg,1,0,tom,train
frame967.jpg,1,0,tom,train
frame968.jpg,1,0,tom,train
frame969.jpg,1,0,tom,train
frame970.jpg,1,0,tom,train
frame971.jpg,1,0,tom,train
frame972.jpg,1,0,tom,train
frame973.jpg,1,0,tom,train
frame974.jpg,1,0,tom,train
frame975.jpg,0,0,neither,train
frame976.jpg,0,0,neither,train
frame977.jpg,0,0,neither,train
frame978.jpg,0,0,neither,train
frame979.jpg,0,0,neither,train
frame980.jpg,0,1,jerry,train
frame981.jpg,0,1,jerry,train
frame982.jpg,0,1,jerry,train
frame983.jpg,0,1,jerry,train
frame984.jpg,0,1,jerry,train
frame985.jpg,0,1,jerry,train
frame986.jpg,0,1,jerry,train
frame987.jpg,0,0,neither,train
frame988.jpg,0,0,neither,train
frame989.jpg,1,0,tom,train
frame990.jpg,1,0,tom,train
frame991.jpg,0,0,neither,train
frame992.jpg,0,0,neither,train
frame993.jpg,0,0,neither,train
frame994.jpg,0,0,neither,train
frame995.jpg,0,0,neither,train
frame996.jpg,0,0,neither,train
frame997.jpg,0,0,neither,train
frame998.jpg,0,0,neither,train
frame999.jpg,1,0,tom,train
frame1000.jpg,1,0,tom,train
frame1001.jpg,1,0,tom,train
frame1002.jpg,1,0,tom,train
frame1003.jpg,0,0,neither,train
frame1004.jpg,1,0,tom,train
frame1005.jpg,1,0,tom,train
frame1006.jpg,1,0,tom,train
frame1007.jpg,1,0,tom,train
frame1008.jpg,1,0,tom,train
frame1009.jpg,1,0,tom,train
frame1010.jpg,1,0,tom,train
frame1011.jpg,1,0,tom,train
frame1012.jpg,1,0,tom,train
frame1013.jpg,1,0,tom,train
frame1014.jpg,1,0,tom,train
frame1015.jpg,1,0,tom,train
frame1016.jpg,0,0,neither,train
frame1017.jpg,0,0,neither,train
frame1018.jpg,0,0,neither,train
frame1019.jpg,0,0,neither,train
frame1020.jpg,0,0,neither,train
frame1021.jpg,0,0,neither,train
frame1022.jpg,0,0,neither,train
frame1023.jpg,0,0,neither,train
frame1024.jpg,0,0,neither,train
frame1025.jpg,0,0,neither,train
frame1026.jpg,0,0,neither,train
frame1027.jpg,0,0,neither,train
frame1028.jpg,0,0,neither,train
frame1029.jpg,0,0,neither,train
frame1030.jpg,0,0,neither,train
frame1031.jpg,0,0,neither,train
frame1032.jpg,0,1,jerry,train
frame1033.jpg,0,1,jerry,train
frame1034.jpg,0,1,jerry,train
frame1035.jpg,0,1,jerry,train
frame1036.jpg,0,1,jerry,train
frame1037.jpg,0,1,jerry,train
frame1038.jpg,0,1,jerry,train
frame1039.jpg,0,1,jerry,train
frame1040.jpg,0,1,jerry,train
frame1041.jpg,1,1,both,train
frame1042.jpg,1,0,tom,train
frame1043.jpg,0,0,neither,train
frame1044.jpg,0,0,neither,train
frame1045.jpg,0,0,neither,train
frame1046.jpg,0,1,jerry,train
frame1047.jpg,0,0,neither,train
frame1048.jpg,1,0,tom,train
frame1049.jpg,1,0,tom,train
frame1050.jpg,1,0,tom,val
frame1051.jpg,0,0,neither,val
frame1052.jpg,0,0,neither,val
frame1053.jpg,0,0,neither,val
frame1054.jpg,0,0,neither,val
frame1055.jpg,0,0,neither,val
frame1056.jpg,0,0,neither,val
frame1057.jpg,0,0,neither,val
frame1058.jpg,0,0,neither,val
frame1059.jpg,1,0,tom,val
frame1060.jpg,0,0,neither,val
frame1061.jpg,0,0,neither,val
frame1062.jpg,0,0,neither,val
frame1063.jpg,0,0,neither,val
frame1064.jpg,0,0,neither,val
frame1065.jpg,1,0,tom,val
frame1066.jpg,0,0,neither,val
frame1067.jpg,0,0,neither,val
frame1068.jpg,0,0,neither,val
frame1069.jpg,0,0,neither,val
frame1070.jpg,0,0,neither,val
frame1071.jpg,0,0,neither,val
frame1072.jpg,1,0,tom,val
frame1073.jpg,1,0,tom,val
frame1074.jpg,1,0,tom,val
frame1075.jpg,1,0,tom,val
frame1076.jpg,0,0,neither,val
frame1077.jpg,1,0,tom,val
frame1078.jpg,0,0,neither,val
frame1079.jpg,0,0,neither,val
frame1080.jpg,1,0,tom,val
frame1081.jpg,1,0,tom,val
frame1082.jpg,1,0,tom,val
frame1083.jpg,0,1,jerry,val
frame1084.jpg,0,1,jerry,val
frame1085.jpg,0,1,jerry,val
frame1086.jpg,0,0,neither,val
frame1087.jpg,0,1,jerry,val
frame1088.jpg,0,1,jerry,val
frame1089.jpg,1,1,both,val
frame1090.jpg,1,1,both,val
frame1091.jpg,1,1,both,val
frame1092.jpg,1,1,both,val
frame1093.jpg,1,1,both,val
frame1094.jpg,0,1,jerry,val
frame1095.jpg,0,1,jerry,val
frame1096.jpg,1,1,both,val
frame1097.jpg,1,1,both,val
frame1098.jpg,1,1,both,val
frame1099.jpg,1,1,both,val
frame1100.jpg,1,0,tom,val
frame1101.jpg,1,0,tom,val
frame1102.jpg,0,1,jerry,val
frame1103.jpg,0,1,jerry,val
frame1104.jpg,1,0,tom,val
frame1105.jpg,1,0,tom,val
frame1106.jpg,1,0,tom,val
frame1107.jpg,1,1,both,val
frame1108.jpg,1,1,both,val
frame1109.jpg,1,1,both,val
frame1110.jpg,0,1,jerry,val
frame1111.jpg,0,1,jerry,val
frame1112.jpg,0,1,jerry,val
frame1113.jpg,0,0,neither,val
frame1114.jpg,1,0,tom,val
frame1115.jpg,1,0,tom,val
frame1116.jpg,0,1,jerry,val
frame1117.jpg,0,1,jerry,val
frame1118.jpg,0,1,jerry,val
frame1119.jpg,0,1,jerry,val
frame1120.jpg,0,0,neither,val
frame1121.jpg,1,0,tom,val
frame1122.jpg,1,0,tom,val
frame1123.jpg,0,1,jerry,val
frame1124.jpg,0,1,jerry,val
frame1125.jpg,0,1,jerry,val
frame1126.jpg,0,0,neither,val
frame1127.jpg,0,0,neither,val
frame1128.jpg,0,0,neither,val
frame1129.jpg,0,0,neither,val
frame1130.jpg,1,0,tom,val
frame1131.jpg,1,0,tom,val
frame1132.jpg,1,0,tom,val
frame1133.jpg,1,0,tom,val
frame1134.jpg,0,0,neither,val
frame1135.jpg,0,1,jerry,val
frame1136.jpg,0,1,jerry,val
frame1137.jpg,1,0,tom,val
frame1138.jpg,1,0,tom,val
frame1139.jpg,1,0,tom,val
frame1140.jpg,1,0,tom,val
frame1141.jpg,0,0,neither,val
frame1142.jpg,0,1,jerry,val
frame1143.jpg,0,1,jerry,val
frame1144.jpg,1,0,tom,val
frame1145.jpg,1,0,tom,val
frame1146.jpg,1,1,both,val
frame1147.jpg,1,1,both,val
frame1148.jpg,1,0,tom,val
frame1149.jpg,1,0,tom,val
frame1150.jpg,1,0,tom,test
frame1151.jpg,0,0,neither,test
frame1152.jpg,1,0,tom,test
frame1153.jpg,1,0,tom,test
frame1154.jpg,1,0,tom,test
frame1155.jpg,1,0,tom,test
frame1156.jpg,0,0,neither,test
frame1157.jpg,0,0,neither,test
frame1158.jpg,0,0,neither,test
frame1159.jpg,0,0,neither,test
frame1160.jpg,0,0,neither,test
frame1161.jpg,0,0,neither,test
frame1162.jpg,0,1,jerry,test
frame1163.jpg,0,1,jerry,test
frame1164.jpg,0,1,jerry,test
frame1165.jpg,0,1,jerry,test
frame1166.jpg,0,1,jerry,test
frame1167.jpg,0,1,jerry,test
frame1168.jpg,0,1,jerry,test
frame1169.jpg,0,1,jerry,test
frame1170.jpg,0,1,jerry,test
frame1171.jpg,0,1,jerry,test
frame1172.jpg,0,1,jerry,test
frame1173.jpg,0,1,jerry,test
frame1174.jpg,0,1,jerry,test
frame1175.jpg,1,0,tom,test
frame1176.jpg,1,0,tom,test
frame1177.jpg,1,0,tom,test
frame1178.jpg,1,0,tom,test
frame1179.jpg,1,0,tom,test
frame1180.jpg,1,0,tom,test
frame1181.jpg,1,0,tom,test
frame1182.jpg,1,0,tom,test
frame1183.jpg,1,0,tom,test
frame1184.jpg,1,0,tom,test
frame1185.jpg,0,0,neither,test
frame1186.jpg,0,0,neither,test
frame1187.jpg,0,0,neither,test
frame1188.jpg,0,0,neither,test
frame1189.jpg,0,0,neither,test
frame1190.jpg,0,1,jerry,test
frame1191.jpg,0,1,jerry,test
frame1192.jpg,0,1,jerry,test
frame1193.jpg,0,1,jerry,test
frame1194.jpg,0,1,jerry,test
frame1195.jpg,0,1,jerry,test
frame1196.jpg,0,1,jerry,test
frame1197.jpg,0,1,jerry,test
frame1198.jpg,0,1,jerry,test
frame1199.jpg,0,1,jerry,test
frame1200.jpg,0,1,jerry,val
frame1201.jpg,0,1,jerry,val
frame1202.jpg,0,1,jerry,val
frame1203.jpg,0,1,jerry,val
frame1204.jpg,1,0,tom,val
frame1205.jpg,1,0,tom,val
frame1206.jpg,1,0,tom,val
frame1207.jpg,1,0,tom,val
frame1208.jpg,1,0,tom,val
frame1209.jpg,1,0,tom,val
frame1210.jpg,1,0,tom,val
frame1211.jpg,1,0,tom,val
frame1212.jpg,1,0,tom,val
frame1213.jpg,1,0,tom,val
frame1214.jpg,1,0,tom,val
frame1215.jpg,1,0,tom,val
frame1216.jpg,1,1,both,val
frame1217.jpg,1,1,both,val
frame1218.jpg,1,1,both,val
frame1219.jpg,1,1,both,val
frame1220.jpg,1,1,both,val
frame1221.jpg,1,0,tom,val
frame1222.jpg,1,0,tom,val
frame1223.jpg,1,0,tom,val
frame1224.jpg,1,0,tom,val
frame1225.jpg,1,0,tom,val
frame1226.jpg,1,0,tom,val
frame1227.jpg,1,0,tom,val
frame1228.jpg,1,0,tom,val
frame1229.jpg,1,0,tom,val
frame1230.jpg,1,0,tom,val
frame1231.jpg,1,0,tom,val
frame1232.jpg,1,0,tom,val
frame1233.jpg,0,0,neither,val
frame1234.jpg,0,0,neither,val
frame1235.jpg,0,0,neither,val
frame1236.jpg,0,0,neither,val
frame1237.jpg,0,0,neither,val
frame1238.jpg,0,0,neither,val
frame1239.jpg,0,1,jerry,val
frame1240.jpg,0,1,jerry,val
frame1241.jpg,0,1,jerry,val
frame1242.jpg,0,1,jerry,val
frame1243.jpg,0,1,jerry,val
frame1244.jpg,0,1,jerry,val
frame1245.jpg,0,1,jerry,val
frame1246.jpg,0,1,jerry,val
frame1247.jpg,1,0,tom,val
frame1248.jpg,1,0,tom,val
frame1249.jpg,0,1,jerry,val
frame1250.jpg,0,1,jerry,train
frame1251.jpg,1,1,both,train
frame1252.jpg,1,1,both,train
frame1253.jpg,1,1,both,train
frame1254.jpg,1,1,both,train
frame1255.jpg,1,1,both,train
frame1256.jpg,1,1,both,train
frame1257.jpg,1,1,both,train
frame1258.jpg,0,1,jerry,train
frame1259.jpg,1,0,tom,train
frame1260.jpg,1,0,tom,train
frame1261.jpg,1,0,tom,train
frame1262.jpg,1,0,tom,train
frame1263.jpg,1,0,tom,train
frame1264.jpg,0,0,neither,train
frame1265.jpg,0,0,neither,train
frame1266.jpg,0,0,neither,train
frame1267.jpg,1,0,tom,train
frame1268.jpg,0,0,neither,train
frame1269.jpg,1,0,tom,train
frame1270.jpg,1,0,tom,train
frame1271.jpg,1,0,tom,train
frame1272.jpg,1,0,tom,train
frame1273.jpg,1,0,tom,train
frame1274.jpg,1,1,both,train
frame1275.jpg,1,1,both,train
frame1276.jpg,1,1,both,train
frame1277.jpg,1,1,both,train
frame1278.jpg,1,1,both,train
frame1279.jpg,1,1,both,train
frame1280.jpg,1,1,both,train
frame1281.jpg,1,1,both,train
frame1282.jpg,1,1,both,train
frame1283.jpg,0,0,neither,train
frame1284.jpg,0,0,neither,train
frame1285.jpg,0,0,neither,train
frame1286.jpg,0,0,neither,train
frame1287.jpg,0,0,neither,train
frame1288.jpg,0,0,neither,train
frame1289.jpg,0,0,neither,train
frame1290.jpg,0,0,neither,train
frame1291.jpg,0,0,neither,train
frame1292.jpg,0,0,neither,train
frame1293.jpg,0,0,neither,train
frame1294.jpg,0,1,jerry,train
frame1295.jpg,0,1,jerry,train
frame1296.jpg,0,0,neither,train
frame1297.jpg,0,1,jerry,train
frame1298.jpg,0,1,jerry,train
frame1299.jpg,0,1,jerry,train
frame1300.jpg,0,0,neither,val
frame1301.jpg,0,1,jerry,val
frame1302.jpg,0,1,jerry,val
frame1303.jpg,0,1,jerry,val
frame1304.jpg,0,1,jerry,val
frame1305.jpg,0,0,neither,val
frame1306.jpg,0,1,jerry,val
frame1307.jpg,0,1,jerry,val
frame1308.jpg,0,1,jerry,val
frame1309.jpg,0,1,jerry,val
frame1310.jpg,0,1,jerry,val
frame1311.jpg,0,1,jerry,val
frame1312.jpg,0,1,jerry,val
frame1313.jpg,0,1,jerry,val
frame1314.jpg,0,1,jerry,val
frame1315.jpg,0,1,jerry,val
frame1316.jpg,0,1,jerry,val
frame1317.jpg,0,1,jerry,val
frame1318.jpg,0,1,jerry,val
frame1319.jpg,0,1,jerry,val
frame1320.jpg,0,1,jerry,val
frame1321.jpg,0,1,jerry,val
frame1322.jpg,0,1,jerry,val
frame1323.jpg,0,1,jerry,val
frame1324.jpg,0,1,jerry,val
frame1325.jpg,0,1,jerry,val
frame1326.jpg,0,1,jerry,val
frame1327.jpg,0,1,jerry,val
frame1328.jpg,0,1,jerry,val
frame1329.jpg,0,1,jerry,val
frame1330.jpg,0,1,jerry,val
frame1331.jpg,0,1,jerry,val
frame1332.jpg,0,1,jerry,val
frame1333.jpg,0,1,jerry,val
frame1334.jpg,0,1,jerry,val
frame1335.jpg,0,1,jerry,val
frame1336.jpg,0,1,jerry,val
frame1337.jpg,0,1,jerry,val
frame1338.jpg,0,1,jerry,val
frame1339.jpg,0,1,jerry,val
frame1340.jpg,0,1,jerry,val
frame1341.jpg,0,1,jerry,val
frame1342.jpg,0,1,jerry,val
frame1343.jpg,1,0,tom,val
frame1344.jpg,1,0,tom,val
frame1345.jpg,1,0,tom,val
frame1346.jpg,1,0,tom,val
frame1347.jpg,1,0,tom,val
frame1348.jpg,0,0,neither,val
frame1349.jpg,0,1,jerry,val
frame1350.jpg,0,1,jerry,train
frame1351.jpg,1,1,both,train
frame1352.jpg,1,1,both,train
frame1353.jpg,1,1,both,train
frame1354.jpg,1,1,both,train
frame1355.jpg,1,1,both,train
frame1356.jpg,1,1,both,train
frame1357.jpg,1,1,both,train
frame1358.jpg,1,1,both,train
frame1359.jpg,1,1,both,train
frame1360.jpg,1,1,both,train
frame1361.jpg,1,0,tom,train
frame1362.jpg,1,0,tom,train
frame1363.jpg,1,0,tom,train
frame1364.jpg,1,0,tom,train
frame1365.jpg,1,0,tom,train
frame1366.jpg,0,0,neither,train
frame1367.jpg,1,0,tom,train
frame1368.jpg,1,0,tom,train
frame1369.jpg,1,0,tom,train
frame1370.jpg,0,1,jerry,train
frame1371.jpg,0,1,jerry,train
frame1372.jpg,0,1,jerry,train
frame1373.jpg,0,1,jerry,train
frame1374.jpg,0,1,jerry,train
frame1375.jpg,0,1,jerry,train
frame1376.jpg,0,1,jerry,train
frame1377.jpg,1,0,tom,train
frame1378.jpg,1,0,tom,train
frame1379.jpg,0,1,jerry,train
frame1380.jpg,1,1,both,train
frame1381.jpg,1,1,both,train
frame1382.jpg,1,1,both,train
frame1383.jpg,1,1,both,train
frame1384.jpg,1,1,both,train
frame1385.jpg,1,1,both,train
frame1386.jpg,1,1,both,train
frame1387.jpg,1,1,both,train
frame1388.jpg,1,0,tom,train
frame1389.jpg,1,0,tom,train
frame1390.jpg,1,0,tom,train
frame1391.jpg,1,0,tom,train
frame1392.jpg,1,0,tom,train
frame1393.jpg,1,0,tom,train
frame1394.jpg,1,0,tom,train
frame1395.jpg,1,0,tom,train
frame1396.jpg,1,0,tom,train
frame1397.jpg,1,0,tom,train
frame1398.jpg,1,0,tom,train
frame1399.jpg,1,0,tom,train
frame1400.jpg,1,0,tom,train
frame1401.jpg,1,0,tom,train
frame1402.jpg,1,0,tom,train
frame1403.jpg,1,0,tom,train
frame1404.jpg,1,0,tom,train
frame1405.jpg,1,0,tom,train
frame1406.jpg,0,0,neither,train
frame1407.jpg,0,0,neither,train
frame1408.jpg,0,1,jerry,train
frame1409.jpg,0,1,jerry,train
frame1410.jpg,0,1,jerry,train
frame1411.jpg,0,1,jerry,train
frame1412.jpg,0,1,jerry,train
frame1413.jpg,0,1,jerry,train
frame1414.jpg,0,1,jerry,train
frame1415.jpg,0,0,neither,train
frame1416.jpg,0,0,neither,train
frame1417.jpg,0,0,neither,train
frame1418.jpg,0,0,neither,train
frame1419.jpg,0,0,neither,train
frame1420.jpg,0,0,neither,train
frame1421.jpg,0,0,neither,train
frame1422.jpg,0,0,neither,train
frame1423.jpg,0,1,jerry,train
frame1424.jpg,0,1,jerry,train
frame1425.jpg,0,1,jerry,train
frame1426.jpg,0,1,jerry,train
frame1427.jpg,0,1,jerry,train
frame1428.jpg,0,0,neither,train
frame1429.jpg,0,1,jerry,train
frame1430.jpg,0,1,jerry,train
frame1431.jpg,0,1,jerry,train
frame1432.jpg,0,1,jerry,train
frame1433.jpg,0,1,jerry,train
frame1434.jpg,0,1,jerry,train
frame1435.jpg,0,1,jerry,train
frame1436.jpg,0,1,jerry,train
frame1437.jpg,0,0,neither,train
frame1438.jpg,0,0,neither,train
frame1439.jpg,0,0,neither,train
frame1440.jpg,0,0,neither,train
frame1441.jpg,0,0,neither,train
frame1442.jpg,0,0,neither,train
frame1443.jpg,0,0,neither,train
frame1444.jpg,0,0,neither,train
frame1445.jpg,0,0,neither,train
frame1446.jpg,0,0,neither,train
frame1447.jpg,0,0,neither,train
frame1448.jpg,0,0,neither,train
frame1449.jpg,0,0,neither,train
frame1450.jpg,0,0,neither,train
frame1451.jpg,0,0,neither,train
frame1452.jpg,0,0,neither,train
frame1453.jpg,0,0,neither,train
frame1454.jpg,0,0,neither,train
frame1455.jpg,1,0,tom,train
frame1456.jpg,1,0,tom,train
frame1457.jpg,1,0,tom,train
frame1458.jpg,1,0,tom,train
frame1459.jpg,1,0,tom,train
frame1460.jpg,1,0,tom,train
frame1461.jpg,1,0,tom,train
frame1462.jpg,1,0,tom,train
frame1463.jpg,1,0,tom,train
frame1464.jpg,1,0,tom,train
frame1465.jpg,1,0,tom,train
frame1466.jpg,1,0,tom,train
frame1467.jpg,1,0,tom,train
frame1468.jpg,1,0,tom,train
frame1469.jpg,1,0,tom,train
frame1470.jpg,1,0,tom,train
frame1471.jpg,1,0,tom,train
frame1472.jpg,1,0,tom,train
frame1473.jpg,1,0,tom,train
frame1474.jpg,1,0,tom,train
frame1475.jpg,1,0,tom,train
frame1476.jpg,1,0,tom,train
frame1477.jpg,1,0,tom,train
frame1478.jpg,1,0,tom,train
frame1479.jpg,1,0,tom,train
frame1480.jpg,1,1,both,train
frame1481.jpg,1,1,both,train
frame1482.jpg,1,1,both,train
frame1483.jpg,1,1,both,train
frame1484.jpg,1,1,both,train
frame1485.jpg,1,1,both,train
frame1486.jpg,1,1,both,train
frame1487.jpg,1,1,both,train
frame1488.jpg,1,1,both,train
frame1489.jpg,1,1,both,train
frame1490.jpg,1,1,both,train
frame1491.jpg,1,1,both,train
frame1492.jpg,1,1,both,train
frame1493.jpg,1,1,both,train
frame1494.jpg,1,1,both,train
frame1495.jpg,1,1,both,train
frame1496.jpg,1,0,tom,train
frame1497.jpg,1,0,tom,train
frame1498.jpg,1,0,tom,train
frame1499.jpg,1,0,tom,train
frame1500.jpg,1,0,tom,train
frame1501.jpg,0,1,jerry,train
frame1502.jpg,0,1,jerry,train
frame1503.jpg,0,1,jerry,train
frame1504.jpg,0,1,jerry,train
frame1505.jpg,0,1,jerry,train
frame1506.jpg,0,1,jerry,train
frame1507.jpg,0,1,jerry,train
frame1508.jpg,0,1,jerry,train
frame1509.jpg,1,1,both,train
frame1510.jpg,1,1,both,train
frame1511.jpg,1,1,both,train
frame1512.jpg,1,1,both,train
frame1513.jpg,1,1,both,train
frame1514.jpg,1,1,both,train
frame1515.jpg,1,1,both,train
frame1516.jpg,1,1,both,train
frame1517.jpg,1,1,both,train
frame1518.jpg,1,1,both,train
frame1519.jpg,1,1,both,train
frame1520.jpg,1,1,both,train
frame1521.jpg,1,1,both,train
frame1522.jpg,1,1,both,train
frame1523.jpg,1,1,both,train
frame1524.jpg,1,1,both,train
frame1525.jpg,0,0,neither,train
frame1526.jpg,0,0,neither,train
frame1527.jpg,0,0,neither,train
frame1528.jpg,0,0,neither,train
frame1529.jpg,0,0,neither,train
frame1530.jpg,0,0,neither,train
frame1531.jpg,0,0,neither,train
frame1532.jpg,0,0,neither,train
frame1533.jpg,0,0,neither,train
frame1534.jpg,0,0,neither,train
frame1535.jpg,0,0,neither,train
frame1536.jpg,0,0,neither,train
frame1537.jpg,0,0,neither,train
frame1538.jpg,0,0,neither,train
frame1539.jpg,0,0,neither,train
frame1540.jpg,0,0,neither,train
frame1541.jpg,0,0,neither,train
frame1542.jpg,0,0,neither,train
frame1543.jpg,0,0,neither,train
frame1544.jpg,1,1,both,train
frame1545.jpg,1,1,both,train
frame1546.jpg,1,1,both,train
frame1547.jpg,1,1,both,train
frame1548.jpg,1,1,both,train
frame1549.jpg,1,1,both,train
frame1550.jpg,1,1,both,test
frame1551.jpg,1,1,both,test
frame1552.jpg,1,1,both,test
frame1553.jpg,0,0,neither,test
frame1554.jpg,0,0,neither,test
frame1555.jpg,0,0,neither,test
frame1556.jpg,0,0,neither,test
frame1557.jpg,0,0,neither,test
frame1558.jpg,1,1,both,test
frame1559.jpg,1,1,both,test
frame1560.jpg,1,1,both,test
frame1561.jpg,1,1,both,test
frame1562.jpg,1,1,both,test
frame1563.jpg,1,1,both,test
frame1564.jpg,1,1,both,test
frame1565.jpg,1,1,both,test
frame1566.jpg,1,1,both,test
frame1567.jpg,1,1,both,test
frame1568.jpg,1,1,both,test
frame1569.jpg,1,1,both,test
frame1570.jpg,1,1,both,test
frame1571.jpg,1,1,both,test
frame1572.jpg,1,1,both,test
frame1573.jpg,1,1,both,test
frame1574.jpg,1,1,both,test
frame1575.jpg,1,1,both,test
frame1576.jpg,1,1,both,test
frame1577.jpg,1,1,both,test
frame1578.jpg,1,1,both,test
frame1579.jpg,1,1,both,test
frame1580.jpg,1,1,both,test
frame1581.jpg,1,1,both,test
frame1582.jpg,1,1,both,test
frame1583.jpg,1,1,both,test
frame1584.jpg,1,1,both,test
frame1585.jpg,1,1,both,test
frame1586.jpg,1,1,both,test
frame1587.jpg,1,1,both,test
frame1588.jpg,1,1,both,test
frame1589.jpg,1,1,both,test
frame1590.jpg,1,1,both,test
frame1591.jpg,1,1,both,test
frame1592.jpg,0,1,jerry,test
frame1593.jpg,1,1,both,test
frame1594.jpg,1,0,tom,test
frame1595.jpg,1,0,tom,test
frame1596.jpg,0,0,neither,test
frame1597.jpg,0,0,neither,test
frame1598.jpg,0,0,neither,test
frame1599.jpg,0,1,jerry,test
frame1600.jpg,0,1,jerry,train
frame1601.jpg,0,1,jerry,train
frame1602.jpg,0,1,jerry,train
frame1603.jpg,0,1,jerry,train
frame1604.jpg,0,1,jerry,train
frame1605.jpg,0,0,neither,train
frame1606.jpg,0,0,neither,train
frame1607.jpg,0,0,neither,train
frame1608.jpg,0,0,neither,train
frame1609.jpg,0,1,jerry,train
frame1610.jpg,0,1,jerry,train
frame1611.jpg,0,1,jerry,train
frame1612.jpg,0,1,jerry,train
frame1613.jpg,0,1,jerry,train
frame1614.jpg,0,1,jerry,train
frame1615.jpg,0,1,jerry,train
frame1616.jpg,0,1,jerry,train
frame1617.jpg,0,1,jerry,train
frame1618.jpg,0,0,neither,train
frame1619.jpg,0,0,neither,train
frame1620.jpg,0,0,neither,train
frame1621.jpg,0,0,neither,train
frame1622.jpg,0,1,jerry,train
frame1623.jpg,0,1,jerry,train
frame1624.jpg,0,1,jerry,train
frame1625.jpg,0,1,jerry,train
frame1626.jpg,0,1,jerry,train
frame1627.jpg,0,1,jerry,train
frame1628.jpg,0,1,jerry,train
frame1629.jpg,0,1,jerry,train
frame1630.jpg,0,1,jerry,train
frame1631.jpg,0,1,jerry,train
frame1632.jpg,0,1,jerry,train
frame1633.jpg,0,1,jerry,train
frame1634.jpg,0,1,jerry,train
frame1635.jpg,0,1,jerry,train
frame1636.jpg,0,1,jerry,train
frame1637.jpg,0,1,jerry,train
frame1638.jpg,0,1,jerry,train
frame1639.jpg,0,0,neither,train
frame1640.jpg,0,1,jerry,train
frame1641.jpg,0,1,jerry,train
frame1642.jpg,0,1,jerry,train
frame1643.jpg,0,1,jerry,train
frame1644.jpg,0,1,jerry,train
frame1645.jpg,0,1,jerry,train
frame1646.jpg,1,1,both,train
frame1647.jpg,1,1,both,train
frame1648.jpg,1,0,tom,train
frame1649.jpg,0,0,neither,train
frame1650.jpg,0,1,jerry,test
frame1651.jpg,0,1,jerry,test
frame1652.jpg,1,0,tom,test
frame1653.jpg,1,1,both,test
frame1654.jpg,1,1,both,test
frame1655.jpg,1,1,both,test
frame1656.jpg,1,1,both,test
frame1657.jpg,1,1,both,test
frame1658.jpg,0,1,jerry,test
frame1659.jpg,0,1,jerry,test
frame1660.jpg,0,1,jerry,test
frame1661.jpg,1,0,tom,test
frame1662.jpg,1,0,tom,test
frame1663.jpg,1,0,tom,test
frame1664.jpg,1,0,tom,test
frame1665.jpg,1,0,tom,test
frame1666.jpg,0,1,jerry,test
frame1667.jpg,0,1,jerry,test
frame1668.jpg,1,0,tom,test
frame1669.jpg,1,0,tom,test
frame1670.jpg,1,0,tom,test
frame1671.jpg,1,0,tom,test
frame1672.jpg,1,0,tom,test
frame1673.jpg,1,0,tom,test
frame1674.jpg,1,0,tom,test
frame1675.jpg,1,0,tom,test
frame1676.jpg,1,0,tom,test
frame1677.jpg,1,0,tom,test
frame1678.jpg,1,0,tom,test
frame1679.jpg,1,0,tom,test
frame1680.jpg,1,0,tom,test
frame1681.jpg,1,0,tom,test
frame1682.jpg,1,0,tom,test
frame1683.jpg,1,0,tom,test
frame1684.jpg,1,0,tom,test
frame1685.jpg,1,0,tom,test
frame1686.jpg,1,0,tom,test
frame1687.jpg,0,1,jerry,test
frame1688.jpg,0,1,jerry,test
frame1689.jpg,0,1,jerry,test
frame1690.jpg,0,1,jerry,test
frame1691.jpg,0,0,neither,test
frame1692.jpg,0,0,neither,test
frame1693.jpg,1,1,both,test
frame1694.jpg,1,1,both,test
frame1695.jpg,1,1,both,test
frame1696.jpg,1,1,both,test
frame1697.jpg,1,1,both,test
frame1698.jpg,1,1,both,test
frame1699.jpg,1,1,both,test
frame1700.jpg,1,1,both,train
frame1701.jpg,1,1,both,train
frame1702.jpg,1,1,both,train
frame1703.jpg,1,1,both,train
frame1704.jpg,1,0,tom,train
frame1705.jpg,1,0,tom,train
frame1706.jpg,1,1,both,train
frame1707.jpg,1,1,both,train
frame1708.jpg,1,1,both,train
frame1709.jpg,1,1,both,train
frame1710.jpg,0,0,neither,train
frame1711.jpg,1,0,tom,train
frame1712.jpg,1,0,tom,train
frame1713.jpg,1,0,tom,train
frame1714.jpg,1,0,tom,train
frame1715.jpg,0,0,neither,train
frame1716.jpg,0,0,neither,train
frame1717.jpg,1,1,both,train
frame1718.jpg,1,1,both,train
frame1719.jpg,1,1,both,train
frame1720.jpg,0,1,jerry,train
frame1721.jpg,0,0,neither,train
frame1722.jpg,0,0,neither,train
frame1723.jpg,0,0,neither,train
frame1724.jpg,1,0,tom,train
frame1725.jpg,1,0,tom,train
frame1726.jpg,0,1,jerry,train
frame1727.jpg,0,1,jerry,train
frame1728.jpg,0,0,neither,train
frame1729.jpg,0,0,neither,train
frame1730.jpg,0,0,neither,train
frame1731.jpg,0,0,neither,train
frame1732.jpg,0,0,neither,train
frame1733.jpg,0,0,neither,train
frame1734.jpg,0,0,neither,train
frame1735.jpg,1,1,both,train
frame1736.jpg,1,1,both,train
frame1737.jpg,1,1,both,train
frame1738.jpg,1,1,both,train
frame1739.jpg,1,1,both,train
frame1740.jpg,1,1,both,train
frame1741.jpg,1,1,both,train
frame1742.jpg,1,1,both,train
frame1743.jpg,1,0,tom,train
frame1744.jpg,1,0,tom,train
frame1745.jpg,1,0,tom,train
frame1746.jpg,0,0,neither,train
frame1747.jpg,0,0,neither,train
frame1748.jpg,0,0,neither,train
frame1749.jpg,0,1,jerry,train
frame1750.jpg,0,1,jerry,val
frame1751.jpg,0,1,jerry,val
frame1752.jpg,0,1,jerry,val
frame1753.jpg,1,0,tom,val
frame1754.jpg,1,0,tom,val
frame1755.jpg,1,0,tom,val
frame1756.jpg,0,0,neither,val
frame1757.jpg,0,0,neither,val
frame1758.jpg,1,0,tom,val
frame1759.jpg,1,0,tom,val
frame1760.jpg,1,0,tom,val
frame1761.jpg,1,0,tom,val
frame1762.jpg,1,0,tom,val
frame1763.jpg,1,0,tom,val
frame1764.jpg,1,0,tom,val
frame1765.jpg,1,0,tom,val
frame1766.jpg,1,0,tom,val
frame1767.jpg,1,0,tom,val
frame1768.jpg,1,0,tom,val
frame1769.jpg,1,0,tom,val
frame1770.jpg,1,0,tom,val
frame1771.jpg,1,0,tom,val
frame1772.jpg,0,0,neither,val
frame1773.jpg,0,0,neither,val
frame1774.jpg,1,0,tom,val
frame1775.jpg,1,0,tom,val
frame1776.jpg,1,0,tom,val
frame1777.jpg,1,0,tom,val
frame1778.jpg,0,1,jerry,val
frame1779.jpg,1,1,both,val
frame1780.jpg,1,1,both,val
frame1781.jpg,1,1,both,val
frame1782.jpg,1,1,both,val
frame1783.jpg,1,1,both,val
frame1784.jpg,1,1,both,val
frame1785.jpg,1,1,both,val
frame1786.jpg,1,1,both,val
frame1787.jpg,1,1,both,val
frame1788.jpg,0,1,jerry,val
frame1789.jpg,0,1,jerry,val
frame1790.jpg,0,1,jerry,val
frame1791.jpg,0,1,jerry,val
frame1792.jpg,0,1,jerry,val
frame1793.jpg,0,1,jerry,val
frame1794.jpg,0,1,jerry,val
frame1795.jpg,0,1,jerry,val
frame1796.jpg,1,0,tom,val
frame1797.jpg,1,0,tom,val
frame1798.jpg,1,0,tom,val
frame1799.jpg,1,0,tom,val
frame1800.jpg,0,0,neither,train
frame1801.jpg,0,0,neither,train
frame1802.jpg,0,0,neither,train
frame1803.jpg,0,0,neither,train
frame1804.jpg,0,0,neither,train
frame1805.jpg,0,0,neither,train
frame1806.jpg,0,0,neither,train
frame1807.jpg,0,0,neither,train
frame1808.jpg,0,0,neither,train
frame1809.jpg,1,0,tom,train
frame1810.jpg,1,0,tom,train
frame1811.jpg,1,0,tom,train
frame1812.jpg,1,0,tom,train
frame1813.jpg,1,0,tom,train
frame1814.jpg,1,0,tom,train
frame1815.jpg,1,0,tom,train
frame1816.jpg,1,1,both,train
frame1817.jpg,1,1,both,train
frame1818.jpg,1,0,tom,train
frame1819.jpg,1,0,tom,train
frame1820.jpg,1,0,tom,train
frame1821.jpg,1,0,tom,train
frame1822.jpg,1,0,tom,train
frame1823.jpg,1,0,tom,train
frame1824.jpg,1,0,tom,train
frame1825.jpg,1,0,tom,train
frame1826.jpg,1,0,tom,train
frame1827.jpg,1,0,tom,train
frame1828.jpg,1,0,tom,train
frame1829.jpg,1,0,tom,train
frame1830.jpg,1,0,tom,train
frame1831.jpg,1,0,tom,train
frame1832.jpg,1,0,tom,train
frame1833.jpg,1,0,tom,train
frame1834.jpg,1,0,tom,train
frame1835.jpg,1,0,tom,train
frame1836.jpg,1,0,tom,train
frame1837.jpg,1,0,tom,train
frame1838.jpg,1,0,tom,train
frame1839.jpg,1,0,tom,train
frame1840.jpg,1,0,tom,train
frame1841.jpg,1,0,tom,train
frame1842.jpg,1,0,tom,train
frame1843.jpg,1,0,tom,train
frame1844.jpg,1,0,tom,train
frame1845.jpg,1,0,tom,train
frame1846.jpg,1,0,tom,train
frame1847.jpg,1,0,tom,train
frame1848.jpg,1,0,tom,train
frame1849.jpg,1,0,tom,train
frame1850.jpg,1,0,tom,test
frame1851.jpg,1,0,tom,test
frame1852.jpg,1,0,tom,test
frame1853.jpg,1,0,tom,test
frame1854.jpg,1,0,tom,test
frame1855.jpg,1,0,tom,test
frame1856.jpg,1,0,tom,test
frame1857.jpg,1,0,tom,test
frame1858.jpg,1,0,tom,test
frame1859.jpg,1,0,tom,test
frame1860.jpg,1,0,tom,test
frame1861.jpg,1,0,tom,test
frame1862.jpg,0,0,neither,test
frame1863.jpg,0,0,neither,test
frame1864.jpg,0,0,neither,test
frame1865.jpg,0,1,jerry,test
frame1866.jpg,0,1,jerry,test
frame1867.jpg,0,1,jerry,test
frame1868.jpg,0,1,jerry,test
frame1869.jpg,0,1,jerry,test
frame1870.jpg,0,1,jerry,test
frame1871.jpg,0,1,jerry,test
frame1872.jpg,0,1,jerry,test
frame1873.jpg,0,1,jerry,test
frame1874.jpg,0,0,neither,test
frame1875.jpg,0,0,neither,test
frame1876.jpg,0,0,neither,test
frame1877.jpg,0,0,neither,test
frame1878.jpg,0,0,neither,test
frame1879.jpg,0,0,neither,test
frame1880.jpg,0,0,neither,test
frame1881.jpg,0,0,neither,test
frame1882.jpg,1,0,tom,test
frame1883.jpg,1,0,tom,test
frame1884.jpg,0,1,jerry,test
frame1885.jpg,1,1,both,test
frame1886.jpg,1,1,both,test
frame1887.jpg,1,1,both,test
frame1888.jpg,1,1,both,test
frame1889.jpg,1,1,both,test
frame1890.jpg,1,1,both,test
frame1891.jpg,1,1,both,test
frame1892.jpg,1,1,both,test
frame1893.jpg,0,1,jerry,test
frame1894.jpg,0,1,jerry,test
frame1895.jpg,0,1,jerry,test
frame1896.jpg,1,0,tom,test
frame1897.jpg,1,0,tom,test
frame1898.jpg,0,0,neither,test
frame1899.jpg,0,0,neither,test
frame1900.jpg,0,0,neither,val
frame1901.jpg,0,0,neither,val
frame1902.jpg,0,0,neither,val
frame1903.jpg,0,0,neither,val
frame1904.jpg,0,0,neither,val
frame1905.jpg,0,0,neither,val
frame1906.jpg,0,0,neither,val
frame1907.jpg,1,0,tom,val
frame1908.jpg,1,0,tom,val
frame1909.jpg,1,0,tom,val
frame1910.jpg,0,0,neither,val
frame1911.jpg,0,0,neither,val
frame1912.jpg,0,0,neither,val
frame1913.jpg,0,0,neither,val
frame1914.jpg,0,0,neither,val
frame1915.jpg,0,0,neither,val
frame1916.jpg,1,0,tom,val
frame1917.jpg,1,0,tom,val
frame1918.jpg,1,0,tom,val
frame1919.jpg,1,0,tom,val
frame1920.jpg,1,0,tom,val
frame1921.jpg,1,0,tom,val
frame1922.jpg,1,0,tom,val
frame1923.jpg,1,0,tom,val
frame1924.jpg,1,0,tom,val
frame1925.jpg,1,0,tom,val
frame1926.jpg,1,0,tom,val
frame1927.jpg,1,0,tom,val
frame1928.jpg,1,0,tom,val
frame1929.jpg,0,0,neither,val
frame1930.jpg,0,0,neither,val
frame1931.jpg,0,0,neither,val
frame1932.jpg,0,0,neither,val
frame1933.jpg,0,0,neither,val
frame1934.jpg,0,0,neither,val
frame1935.jpg,0,0,neither,val
frame1936.jpg,0,0,neither,val
frame1937.jpg,0,1,jerry,val
frame1938.jpg,0,1,jerry,val
frame1939.jpg,1,0,tom,val
frame1940.jpg,1,0,tom,val
frame1941.jpg,1,0,tom,val
frame1942.jpg,1,0,tom,val
frame1943.jpg,1,0,tom,val
frame1944.jpg,1,0,tom,val
frame1945.jpg,1,0,tom,val
frame1946.jpg,1,0,tom,val
frame1947.jpg,1,0,tom,val
frame1948.jpg,1,0,tom,val
frame1949.jpg,1,0,tom,val
frame1950.jpg,1,0,tom,train
frame1951.jpg,1,0,tom,train
frame1952.jpg,0,1,jerry,train
frame1953.jpg,0,1,jerry,train
frame1954.jpg,0,1,jerry,train
frame1955.jpg,1,0,tom,train
frame1956.jpg,1,0,tom,train
frame1957.jpg,1,0,tom,train
frame1958.jpg,1,0,tom,train
frame1959.jpg,1,0,tom,train
frame1960.jpg,1,0,tom,train
frame1961.jpg,1,0,tom,train
frame1962.jpg,1,0,tom,train
frame1963.jpg,1,0,tom,train
frame1964.jpg,1,0,tom,train
frame1965.jpg,1,0,tom,train
frame1966.jpg,1,0,tom,train
frame1967.jpg,0,1,jerry,train
frame1968.jpg,0,1,jerry,train
frame1969.jpg,0,1,jerry,train
frame1970.jpg,0,1,jerry,train
frame1971.jpg,0,1,jerry,train
frame1972.jpg,1,0,tom,train
frame1973.jpg,1,0,tom,train
frame1974.jpg,1,0,tom,train
frame1975.jpg,0,1,jerry,train
frame1976.jpg,0,1,jerry,train
frame1977.jpg,0,1,jerry,train
frame1978.jpg,0,1,jerry,train
frame1979.jpg,0,1,jerry,train
frame1980.jpg,0,1,jerry,train
frame1981.jpg,1,1,both,train
frame1982.jpg,1,1,both,train
frame1983.jpg,1,1,both,train
frame1984.jpg,1,1,both,train
frame1985.jpg,1,1,both,train
frame1986.jpg,1,1,both,train
frame1987.jpg,0,1,jerry,train
frame1988.jpg,0,1,jerry,train
frame1989.jpg,0,1,jerry,train
frame1990.jpg,0,1,jerry,train
frame1991.jpg,0,1,jerry,train
frame1992.jpg,0,1,jerry,train
frame1993.jpg,0,1,jerry,train
frame1994.jpg,0,1,jerry,train
frame1995.jpg,0,1,jerry,train
frame1996.jpg,0,1,jerry,train
frame1997.jpg,1,1,both,train
frame1998.jpg,1,1,both,train
frame1999.jpg,1,1,both,train
frame2000.jpg,1,0,tom,train
frame2001.jpg,1,0,tom,train
frame2002.jpg,0,1,jerry,train
frame2003.jpg,0,1,jerry,train
frame2004.jpg,0,1,jerry,train
frame2005.jpg,0,1,jerry,train
frame2006.jpg,0,1,jerry,train
frame2007.jpg,0,1,jerry,train
frame2008.jpg,0,1,jerry,train
frame2009.jpg,0,1,jerry,train
frame2010.jpg,1,1,both,train
frame2011.jpg,1,1,both,train
frame2012.jpg,1,1,both,train
frame2013.jpg,1,1,both,train
frame2014.jpg,0,1,jerry,train
frame2015.jpg,0,1,jerry,train
frame2016.jpg,1,1,both,train
frame2017.jpg,1,1,both,train
frame2018.jpg,1,1,both,train
frame2019.jpg,1,1,both,train
frame2020.jpg,1,1,both,train
frame2021.jpg,1,1,both,train
frame2022.jpg,1,1,both,train
frame2023.jpg,1,1,both,train
frame2024.jpg,1,1,both,train
frame2025.jpg,1,1,both,train
frame2026.jpg,1,1,both,train
frame2027.jpg,1,1,both,train
frame2028.jpg,1,1,both,train
frame2029.jpg,1,1,both,train
frame2030.jpg,1,1,both,train
frame2031.jpg,1,1,both,train
frame2032.jpg,1,1,both,train
frame2033.jpg,1,1,both,train
frame2034.jpg,1,1,both,train
frame2035.jpg,0,0,neither,train
frame2036.jpg,0,0,neither,train
frame2037.jpg,0,0,neither,train
frame2038.jpg,1,1,both,train
frame2039.jpg,1,1,both,train
frame2040.jpg,1,1,both,train
frame2041.jpg,1,1,both,train
frame2042.jpg,1,1,both,train
frame2043.jpg,1,1,both,train
frame2044.jpg,1,1,both,train
frame2045.jpg,1,0,tom,train
frame2046.jpg,0,1,jerry,train
frame2047.jpg,0,1,jerry,train
frame2048.jpg,0,1,jerry,train
frame2049.jpg,0,1,jerry,train
frame2050.jpg,1,1,both,train
frame2051.jpg,1,1,both,train
frame2052.jpg,1,1,both,train
frame2053.jpg,1,1,both,train
frame2054.jpg,1,1,both,train
frame2055.jpg,0,1,jerry,train
frame2056.jpg,0,1,jerry,train
frame2057.jpg,0,1,jerry,train
frame2058.jpg,1,0,tom,train
frame2059.jpg,0,0,neither,train
frame2060.jpg,0,0,neither,train
frame2061.jpg,0,0,neither,train
frame2062.jpg,0,0,neither,train
frame2063.jpg,0,0,neither,train
frame2064.jpg,0,1,jerry,train
frame2065.jpg,0,1,jerry,train
frame2066.jpg,0,1,jerry,train
frame2067.jpg,0,0,neither,train
frame2068.jpg,0,1,jerry,train
frame2069.jpg,0,1,jerry,train
frame2070.jpg,0,1,jerry,train
frame2071.jpg,0,1,jerry,train
frame2072.jpg,0,1,jerry,train
frame2073.jpg,0,1,jerry,train
frame2074.jpg,0,1,jerry,train
frame2075.jpg,0,1,jerry,train
frame2076.jpg,0,0,neither,train
frame2077.jpg,1,0,tom,train
frame2078.jpg,1,0,tom,train
frame2079.jpg,1,0,tom,train
frame2080.jpg,1,0,tom,train
frame2081.jpg,1,0,tom,train
frame2082.jpg,1,0,tom,train
frame2083.jpg,1,0,tom,train
frame2084.jpg,1,0,tom,train
frame2085.jpg,0,0,neither,train
frame2086.jpg,0,0,neither,train
frame2087.jpg,0,0,neither,train
frame2088.jpg,0,0,neither,train
frame2089.jpg,1,0,tom,train
frame2090.jpg,1,0,tom,train
frame2091.jpg,1,0,tom,train
frame2092.jpg,1,0,tom,train
frame2093.jpg,1,0,tom,train
frame2094.jpg,1,0,tom,train
frame2095.jpg,1,0,tom,train
frame2096.jpg,1,0,tom,train
frame2097.jpg,1,0,tom,train
frame2098.jpg,0,0,neither,train
frame2099.jpg,0,0,neither,train
frame2100.jpg,0,0,neither,train
frame2101.jpg,0,0,neither,train
frame2102.jpg,0,0,neither,train
frame2103.jpg,0,0,neither,train
frame2104.jpg,0,0,neither,train
frame2105.jpg,0,0,neither,train
frame2106.jpg,0,1,jerry,train
frame2107.jpg,1,0,tom,train
frame2108.jpg,0,1,jerry,train
frame2109.jpg,1,0,tom,train
frame2110.jpg,1,0,tom,train
frame2111.jpg,1,0,tom,train
frame2112.jpg,1,0,tom,train
frame2113.jpg,1,0,tom,train
frame2114.jpg,1,0,tom,train
frame2115.jpg,1,0,tom,train
frame2116.jpg,1,0,tom,train
frame2117.jpg,1,0,tom,train
frame2118.jpg,1,0,tom,train
frame2119.jpg,1,0,tom,train
frame2120.jpg,0,0,neither,train
frame2121.jpg,1,0,tom,train
frame2122.jpg,0,0,neither,train
frame2123.jpg,0,0,neither,train
frame2124.jpg,1,0,tom,train
frame2125.jpg,1,0,tom,train
frame2126.jpg,1,0,tom,train
frame2127.jpg,1,0,tom,train
frame2128.jpg,1,0,tom,train
frame2129.jpg,1,0,tom,train
frame2130.jpg,1,0,tom,train
frame2131.jpg,1,0,tom,train
frame2132.jpg,1,0,tom,train
frame2133.jpg,1,0,tom,train
frame2134.jpg,0,0,neither,train
frame2135.jpg,0,0,neither,train
frame2136.jpg,0,0,neither,train
frame2137.jpg,1,0,tom,train
frame2138.jpg,0,0,neither,train
frame2139.jpg,0,0,neither,train
frame2140.jpg,0,0,neither,train
frame2141.jpg,0,0,neither,train
frame2142.jpg,0,0,neither,train
frame2143.jpg,0,0,neither,train
frame2144.jpg,0,0,neither,train
frame2145.jpg,0,0,neither,train
frame2146.jpg,1,0,tom,train
frame2147.jpg,1,0,tom,train
frame2148.jpg,1,0,tom,train
frame2149.jpg,1,0,tom,train
frame2150.jpg,1,0,tom,train
frame2151.jpg,1,0,tom,train
frame2152.jpg,1,0,tom,train
frame2153.jpg,1,0,tom,train
frame2154.jpg,1,0,tom,train
frame2155.jpg,1,0,tom,train
frame2156.jpg,1,0,tom,train
frame2157.jpg,1,0,tom,train
frame2158.jpg,1,0,tom,train
frame2159.jpg,1,0,tom,train
frame2160.jpg,1,0,tom,train
frame2161.jpg,1,0,tom,train
frame2162.jpg,1,0,tom,train
frame2163.jpg,1,0,tom,train
frame2164.jpg,1,0,tom,train
frame2165.jpg,1,0,tom,train
frame2166.jpg,0,1,jerry,train
frame2167.jpg,0,1,jerry,train
frame2168.jpg,0,1,jerry,train
frame2169.jpg,0,1,jerry,train
frame2170.jpg,0,1,jerry,train
frame2171.jpg,0,1,jerry,train
frame2172.jpg,0,1,jerry,train
frame2173.jpg,0,1,jerry,train
frame2174.jpg,0,1,jerry,train
frame2175.jpg,0,1,jerry,train
frame2176.jpg,0,1,jerry,train
frame2177.jpg,0,1,jerry,train
frame2178.jpg,0,1,jerry,train
frame2179.jpg,0,1,jerry,train
frame2180.jpg,0,1,jerry,train
frame2181.jpg,0,1,jerry,train
frame2182.jpg,0,1,jerry,train
frame2183.jpg,0,1,jerry,train
frame2184.jpg,0,1,jerry,train
frame2185.jpg,0,1,jerry,train
frame2186.jpg,0,1,jerry,train
frame2187.jpg,1,1,both,train
frame2188.jpg,1,1,both,train
frame2189.jpg,0,1,jerry,train
frame2190.jpg,0,0,neither,train
frame2191.jpg,0,1,jerry,train
frame2192.jpg,0,1,jerry,train
frame2193.jpg,0,1,jerry,train
frame2194.jpg,0,1,jerry,train
frame2195.jpg,0,1,jerry,train
frame2196.jpg,0,1,jerry,train
frame2197.jpg,0,1,jerry,train
frame2198.jpg,0,1,jerry,train
frame2199.jpg,0,1,jerry,train
frame2200.jpg,0,1,jerry,test
frame2201.jpg,0,1,jerry,test
frame2202.jpg,0,1,jerry,test
frame2203.jpg,0,1,jerry,test
frame2204.jpg,0,1,jerry,test
frame2205.jpg,0,1,jerry,test
frame2206.jpg,0,1,jerry,test
frame2207.jpg,0,1,jerry,test
frame2208.jpg,0,1,jerry,test
frame2209.jpg,0,1,jerry,test
frame2210.jpg,0,1,jerry,test
frame2211.jpg,0,1,jerry,test
frame2212.jpg,0,1,jerry,test
frame2213.jpg,0,1,jerry,test
frame2214.jpg,0,0,neither,test
frame2215.jpg,1,0,tom,test
frame2216.jpg,1,0,tom,test
frame2217.jpg,1,0,tom,test
frame2218.jpg,1,0,tom,test
frame2219.jpg,1,0,tom,test
frame2220.jpg,1,0,tom,test
frame2221.jpg,1,0,tom,test
frame2222.jpg,1,0,tom,test
frame2223.jpg,1,0,tom,test
frame2224.jpg,1,0,tom,test
frame2225.jpg,0,0,neither,test
frame2226.jpg,0,1,jerry,test
frame2227.jpg,0,1,jerry,test
frame2228.jpg,0,1,jerry,test
frame2229.jpg,0,1,jerry,test
frame2230.jpg,0,1,jerry,test
frame2231.jpg,0,1,jerry,test
frame2232.jpg,0,1,jerry,test
frame2233.jpg,0,1,jerry,test
frame2234.jpg,0,1,jerry,test
frame2235.jpg,0,1,jerry,test
frame2236.jpg,0,1,jerry,test
frame2237.jpg,0,1,jerry,test
frame2238.jpg,1,0,tom,test
frame2239.jpg,1,0,tom,test
frame2240.jpg,1,0,tom,test
frame2241.jpg,1,0,tom,test
frame2242.jpg,1,0,tom,test
frame2243.jpg,1,0,tom,test
frame2244.jpg,0,1,jerry,test
frame2245.jpg,0,1,jerry,test
frame2246.jpg,0,1,jerry,test
frame2247.jpg,0,0,neither,test
frame2248.jpg,1,0,tom,test
frame2249.jpg,1,0,tom,test
frame2250.jpg,1,0,tom,val
frame2251.jpg,1,0,tom,val
frame2252.jpg,1,0,tom,val
frame2253.jpg,1,0,tom,val
frame2254.jpg,1,1,both,val
frame2255.jpg,1,1,both,val
frame2256.jpg,1,1,both,val
frame2257.jpg,1,1,both,val
frame2258.jpg,1,1,both,val
frame2259.jpg,1,1,both,val
frame2260.jpg,1,1,both,val
frame2261.jpg,1,1,both,val
frame2262.jpg,1,1,both,val
frame2263.jpg,1,1,both,val
frame2264.jpg,1,1,both,val
frame2265.jpg,1,1,both,val
frame2266.jpg,1,1,both,val
frame2267.jpg,1,1,both,val
frame2268.jpg,1,1,both,val
frame2269.jpg,1,1,both,val
frame2270.jpg,1,1,both,val
frame2271.jpg,1,1,both,val
frame2272.jpg,1,1,both,val
frame2273.jpg,1,1,both,val
frame2274.jpg,1,1,both,val
frame2275.jpg,1,1,both,val
frame2276.jpg,1,1,both,val
frame2277.jpg,1,1,both,val
frame2278.jpg,0,0,neither,val
frame2279.jpg,0,1,jerry,val
frame2280.jpg,0,1,jerry,val
frame2281.jpg,0,1,jerry,val
frame2282.jpg,0,1,jerry,val
frame2283.jpg,0,1,jerry,val
frame2284.jpg,0,1,jerry,val
frame2285.jpg,0,1,jerry,val
frame2286.jpg,0,1,jerry,val
frame2287.jpg,0,0,neither,val
frame2288.jpg,0,0,neither,val
frame2289.jpg,0,0,neither,val
frame2290.jpg,0,0,neither,val
frame2291.jpg,1,1,both,val
frame2292.jpg,1,1,both,val
frame2293.jpg,1,1,both,val
frame2294.jpg,1,1,both,val
frame2295.jpg,1,0,tom,val
frame2296.jpg,1,0,tom,val
frame2297.jpg,1,0,tom,val
frame2298.jpg,1,0,tom,val
frame2299.jpg,1,0,tom,val
frame2300.jpg,0,1,jerry,train
frame2301.jpg,0,1,jerry,train
frame2302.jpg,0,1,jerry,train
frame2303.jpg,0,1,jerry,train
frame2304.jpg,0,1,jerry,train
frame2305.jpg,0,1,jerry,train
frame2306.jpg,0,1,jerry,train
frame2307.jpg,0,1,jerry,train
frame2308.jpg,0,1,jerry,train
frame2309.jpg,0,1,jerry,train
frame2310.jpg,0,1,jerry,train
frame2311.jpg,0,1,jerry,train
frame2312.jpg,0,1,jerry,train
frame2313.jpg,1,1,both,train
frame2314.jpg,1,1,both,train
frame2315.jpg,1,1,both,train
frame2316.jpg,1,1,both,train
frame2317.jpg,1,1,both,train
frame2318.jpg,0,0,neither,train
frame2319.jpg,0,0,neither,train
frame2320.jpg,0,1,jerry,train
frame2321.jpg,0,1,jerry,train
frame2322.jpg,0,0,neither,train
frame2323.jpg,0,0,neither,train
frame2324.jpg,1,0,tom,train
frame2325.jpg,1,0,tom,train
frame2326.jpg,1,0,tom,train
frame2327.jpg,1,0,tom,train
frame2328.jpg,0,0,neither,train
frame2329.jpg,0,0,neither,train
frame2330.jpg,0,0,neither,train
frame2331.jpg,1,0,tom,train
frame2332.jpg,1,0,tom,train
frame2333.jpg,1,0,tom,train
frame2334.jpg,1,0,tom,train
frame2335.jpg,0,0,neither,train
frame2336.jpg,0,0,neither,train
frame2337.jpg,0,0,neither,train
frame2338.jpg,0,0,neither,train
frame2339.jpg,0,0,neither,train
frame2340.jpg,0,0,neither,train
frame2341.jpg,1,0,tom,train
frame2342.jpg,1,0,tom,train
frame2343.jpg,1,0,tom,train
frame2344.jpg,0,1,jerry,train
frame2345.jpg,0,1,jerry,train
frame2346.jpg,1,0,tom,train
frame2347.jpg,1,0,tom,train
frame2348.jpg,1,0,tom,train
frame2349.jpg,0,0,neither,train
frame2350.jpg,0,1,jerry,train
frame2351.jpg,0,1,jerry,train
frame2352.jpg,1,0,tom,train
frame2353.jpg,1,0,tom,train
frame2354.jpg,0,0,neither,train
frame2355.jpg,0,1,jerry,train
frame2356.jpg,0,1,jerry,train
frame2357.jpg,0,1,jerry,train
frame2358.jpg,1,0,tom,train
frame2359.jpg,1,0,tom,train
frame2360.jpg,1,0,tom,train
frame2361.jpg,0,0,neither,train
frame2362.jpg,0,0,neither,train
frame2363.jpg,0,0,neither,train
frame2364.jpg,0,0,neither,train
frame2365.jpg,0,1,jerry,train
frame2366.jpg,1,1,both,train
frame2367.jpg,1,1,both,train
frame2368.jpg,0,0,neither,train
frame2369.jpg,0,0,neither,train
frame2370.jpg,1,1,both,train
frame2371.jpg,1,1,both,train
frame2372.jpg,1,1,both,train
frame2373.jpg,1,1,both,train
frame2374.jpg,1,1,both,train
frame2375.jpg,1,1,both,train
frame2376.jpg,1,1,both,train
frame2377.jpg,1,0,tom,train
frame2378.jpg,0,0,neither,train
frame2379.jpg,0,0,neither,train
frame2380.jpg,0,0,neither,train
frame2381.jpg,0,0,neither,train
frame2382.jpg,0,0,neither,train
frame2383.jpg,0,0,neither,train
frame2384.jpg,0,0,neither,train
frame2385.jpg,0,1,jerry,train
frame2386.jpg,0,0,neither,train
frame2387.jpg,0,1,jerry,train
frame2388.jpg,0,1,jerry,train
frame2389.jpg,0,1,jerry,train
frame2390.jpg,0,1,jerry,train
frame2391.jpg,0,1,jerry,train
frame2392.jpg,0,1,jerry,train
frame2393.jpg,0,1,jerry,train
frame2394.jpg,0,0,neither,train
frame2395.jpg,0,1,jerry,train
frame2396.jpg,1,1,both,train
frame2397.jpg,1,1,both,train
frame2398.jpg,1,1,both,train
frame2399.jpg,1,1,both,train
frame2400.jpg,1,1,both,val
frame2401.jpg,1,1,both,val
frame2402.jpg,1,1,both,val
frame2403.jpg,1,1,both,val
frame2404.jpg,1,1,both,val
frame2405.jpg,1,1,both,val
frame2406.jpg,1,0,tom,val
frame2407.jpg,0,0,neither,val
frame2408.jpg,0,0,neither,val
frame2409.jpg,0,0,neither,val
frame2410.jpg,0,0,neither,val
frame2411.jpg,0,0,neither,val
frame2412.jpg,0,0,neither,val
frame2413.jpg,0,0,neither,val
frame2414.jpg,0,0,neither,val
frame2415.jpg,1,0,tom,val
frame2416.jpg,1,0,tom,val
frame2417.jpg,1,0,tom,val
frame2418.jpg,1,0,tom,val
frame2419.jpg,1,0,tom,val
frame2420.jpg,1,0,tom,val
frame2421.jpg,1,0,tom,val
frame2422.jpg,1,0,tom,val
frame2423.jpg,1,0,tom,val
frame2424.jpg,1,0,tom,val
frame2425.jpg,1,0,tom,val
frame2426.jpg,1,0,tom,val
frame2427.jpg,1,0,tom,val
frame2428.jpg,1,0,tom,val
frame2429.jpg,1,0,tom,val
frame2430.jpg,1,0,tom,val
frame2431.jpg,1,0,tom,val
frame2432.jpg,1,0,tom,val
frame2433.jpg,1,0,tom,val
frame2434.jpg,1,0,tom,val
frame2435.jpg,1,0,tom,val
frame2436.jpg,1,0,tom,val
frame2437.jpg,1,0,tom,val
frame2438.jpg,1,0,tom,val
frame2439.jpg,1,0,tom,val
frame2440.jpg,1,0,tom,val
frame2441.jpg,1,0,tom,val
frame2442.jpg,1,0,tom,val
frame2443.jpg,1,0,tom,val
frame2444.jpg,0,0,neither,val
frame2445.jpg,0,0,neither,val
frame2446.jpg,1,0,tom,val
frame2447.jpg,1,0,tom,val
frame2448.jpg,1,0,tom,val
frame2449.jpg,1,0,tom,val
frame2450.jpg,1,0,tom,val
frame2451.jpg,0,0,neither,val
frame2452.jpg,0,0,neither,val
frame2453.jpg,0,0,neither,val
frame2454.jpg,0,0,neither,val
frame2455.jpg,0,0,neither,val
frame2456.jpg,0,0,neither,val
frame2457.jpg,0,0,neither,val
frame2458.jpg,0,0,neither,val
frame2459.jpg,0,0,neither,val
frame2460.jpg,0,0,neither,val
frame2461.jpg,0,0,neither,val
frame2462.jpg,0,0,neither,val
frame2463.jpg,0,0,neither,val
frame2464.jpg,0,0,neither,val
frame2465.jpg,0,0,neither,val
frame2466.jpg,0,0,neither,val
frame2467.jpg,0,0,neither,val
frame2468.jpg,0,0,neither,val
frame2469.jpg,0,0,neither,val
frame2470.jpg,0,0,neither,val
frame2471.jpg,0,0,neither,val
frame2472.jpg,0,0,neither,val
frame2473.jpg,0,0,neither,val
frame2474.jpg,0,0,neither,val
frame2475.jpg,0,0,neither,val
frame2476.jpg,0,0,neither,val
frame2477.jpg,0,0,neither,val
frame2478.jpg,0,0,neither,val
frame2479.jpg,1,0,tom,val
frame2480.jpg,1,0,tom,val
frame2481.jpg,1,0,tom,val
frame2482.jpg,1,0,tom,val
frame2483.jpg,1,0,tom,val
frame2484.jpg,1,0,tom,val
frame2485.jpg,0,0,neither,val
frame2486.jpg,0,0,neither,val
frame2487.jpg,0,0,neither,val
frame2488.jpg,0,0,neither,val
frame2489.jpg,0,0,neither,val
frame2490.jpg,0,1,jerry,val
frame2491.jpg,0,1,jerry,val
frame2492.jpg,0,1,jerry,val
frame2493.jpg,0,1,jerry,val
frame2494.jpg,0,1,jerry,val
frame2495.jpg,0,0,neither,val
frame2496.jpg,1,0,tom,val
frame2497.jpg,1,0,tom,val
frame2498.jpg,0,0,neither,val
frame2499.jpg,0,0,neither,val
frame2500.jpg,0,1,jerry,train
frame2501.jpg,0,1,jerry,train
frame2502.jpg,0,1,jerry,train
frame2503.jpg,0,1,jerry,train
frame2504.jpg,0,0,neither,train
frame2505.jpg,1,1,both,train
frame2506.jpg,0,0,neither,train
frame2507.jpg,0,0,neither,train
frame2508.jpg,0,0,neither,train
frame2509.jpg,0,0,neither,train
frame2510.jpg,0,0,neither,train
frame2511.jpg,0,0,neither,train
frame2512.jpg,0,0,neither,train
frame2513.jpg,0,0,neither,train
frame2514.jpg,0,0,neither,train
frame2515.jpg,0,0,neither,train
frame2516.jpg,0,0,neither,train
frame2517.jpg,0,0,neither,train
frame2518.jpg,0,0,neither,train
frame2519.jpg,0,0,neither,train
frame2520.jpg,0,0,neither,train
frame2521.jpg,0,0,neither,train
frame2522.jpg,0,0,neither,train
frame2523.jpg,0,0,neither,train
frame2524.jpg,0,0,neither,train
frame2525.jpg,0,0,neither,train
frame2526.jpg,0,0,neither,train
frame2527.jpg,0,0,neither,train
frame2528.jpg,0,0,neither,train
frame2529.jpg,0,0,neither,train
frame2530.jpg,0,0,neither,train
frame2531.jpg,0,0,neither,train
frame2532.jpg,0,0,neither,train
frame2533.jpg,0,0,neither,train
frame2534.jpg,0,0,neither,train
frame2535.jpg,0,0,neither,train
frame2536.jpg,0,0,neither,train
frame2537.jpg,0,0,neither,train
frame2538.jpg,0,0,neither,train
frame2539.jpg,0,0,neither,train
frame2540.jpg,0,0,neither,train
frame2541.jpg,0,0,neither,train
frame2542.jpg,0,0,neither,train
frame2543.jpg,0,0,neither,train
frame2544.jpg,0,0,neither,train
frame2545.jpg,0,0,neither,train
frame2546.jpg,0,0,neither,train
frame2547.jpg,0,0,neither,train
frame2548.jpg,0,0,neither,train
frame2549.jpg,0,0,neither,train
frame2550.jpg,0,0,neither,val
frame2551.jpg,0,0,neither,val
frame2552.jpg,0,0,neither,val
frame2553.jpg,1,0,tom,val
frame2554.jpg,1,0,tom,val
frame2555.jpg,1,0,tom,val
frame2556.jpg,0,0,neither,val
frame2557.jpg,1,0,tom,val
frame2558.jpg,1,0,tom,val
frame2559.jpg,1,0,tom,val
frame2560.jpg,1,0,tom,val
frame2561.jpg,1,0,tom,val
frame2562.jpg,1,0,tom,val
frame2563.jpg,1,0,tom,val
frame2564.jpg,1,0,tom,val
frame2565.jpg,1,0,tom,val
frame2566.jpg,1,0,tom,val
frame2567.jpg,1,0,tom,val
frame2568.jpg,1,0,tom,val
frame2569.jpg,1,0,tom,val
frame2570.jpg,1,0,tom,val
frame2571.jpg,1,0,tom,val
frame2572.jpg,1,0,tom,val
frame2573.jpg,1,0,tom,val
frame2574.jpg,1,0,tom,val
frame2575.jpg,1,0,tom,val
frame2576.jpg,1,0,tom,val
frame2577.jpg,1,0,tom,val
frame2578.jpg,1,0,tom,val
frame2579.jpg,1,0,tom,val
frame2580.jpg,1,0,tom,val
frame2581.jpg,1,0,tom,val
frame2582.jpg,1,0,tom,val
frame2583.jpg,1,0,tom,val
frame2584.jpg,1,0,tom,val
frame2585.jpg,1,0,tom,val
frame2586.jpg,1,0,tom,val
frame2587.jpg,1,0,tom,val
frame2588.jpg,1,0,tom,val
frame2589.jpg,1,0,tom,val
frame2590.jpg,1,0,tom,val
frame2591.jpg,1,0,tom,val
frame2592.jpg,1,0,tom,val
frame2593.jpg,1,0,tom,val
frame2594.jpg,1,0,tom,val
frame2595.jpg,1,0,tom,val
frame2596.jpg,1,0,tom,val
frame2597.jpg,1,0,tom,val
frame2598.jpg,0,0,neither,val
frame2599.jpg,0,0,neither,val
frame2600.jpg,0,0,neither,train
frame2601.jpg,0,0,neither,train
frame2602.jpg,0,0,neither,train
frame2603.jpg,0,0,neither,train
frame2604.jpg,1,0,tom,train
frame2605.jpg,1,0,tom,train
frame2606.jpg,1,0,tom,train
frame2607.jpg,1,0,tom,train
frame2608.jpg,1,0,tom,train
frame2609.jpg,1,0,tom,train
frame2610.jpg,1,0,tom,train
frame2611.jpg,1,0,tom,train
frame2612.jpg,0,0,neither,train
frame2613.jpg,1,0,tom,train
frame2614.jpg,1,0,tom,train
frame2615.jpg,1,0,tom,train
frame2616.jpg,1,0,tom,train
frame2617.jpg,1,0,tom,train
frame2618.jpg,1,0,tom,train
frame2619.jpg,1,0,tom,train
frame2620.jpg,1,0,tom,train
frame2621.jpg,1,0,tom,train
frame2622.jpg,1,0,tom,train
frame2623.jpg,1,0,tom,train
frame2624.jpg,1,0,tom,train
frame2625.jpg,1,0,tom,train
frame2626.jpg,1,0,tom,train
frame2627.jpg,1,0,tom,train
frame2628.jpg,1,0,tom,train
frame2629.jpg,1,0,tom,train
frame2630.jpg,1,0,tom,train
frame2631.jpg,1,0,tom,train
frame2632.jpg,1,0,tom,train
frame2633.jpg,1,0,tom,train
frame2634.jpg,1,0,tom,train
frame2635.jpg,1,0,tom,train
frame2636.jpg,1,0,tom,train
frame2637.jpg,1,0,tom,train
frame2638.jpg,1,0,tom,train
frame2639.jpg,1,0,tom,train
frame2640.jpg,1,0,tom,train
frame2641.jpg,1,0,tom,train
frame2642.jpg,1,0,tom,train
frame2643.jpg,1,0,tom,train
frame2644.jpg,1,0,tom,train
frame2645.jpg,1,0,tom,train
frame2646.jpg,1,0,tom,train
frame2647.jpg,1,0,tom,train
frame2648.jpg,1,0,tom,train
frame2649.jpg,1,0,tom,train
frame2650.jpg,1,0,tom,train
frame2651.jpg,1,0,tom,train
frame2652.jpg,1,0,tom,train
frame2653.jpg,1,0,tom,train
frame2654.jpg,1,0,tom,train
frame2655.jpg,0,1,jerry,train
frame2656.jpg,0,1,jerry,train
frame2657.jpg,0,1,jerry,train
frame2658.jpg,0,1,jerry,train
frame2659.jpg,0,1,jerry,train
frame2660.jpg,1,0,tom,train
frame2661.jpg,1,1,both,train
frame2662.jpg,1,1,both,train
frame2663.jpg,1,0,tom,train
frame2664.jpg,1,0,tom,train
frame2665.jpg,1,0,tom,train
frame2666.jpg,1,0,tom,train
frame2667.jpg,1,0,tom,train
frame2668.jpg,1,0,tom,train
frame2669.jpg,1,0,tom,train
frame2670.jpg,0,0,neither,train
frame2671.jpg,0,1,jerry,train
frame2672.jpg,0,1,jerry,train
frame2673.jpg,0,1,jerry,train
frame2674.jpg,0,1,jerry,train
frame2675.jpg,0,1,jerry,train
frame2676.jpg,0,1,jerry,train
frame2677.jpg,0,1,jerry,train
frame2678.jpg,0,1,jerry,train
frame2679.jpg,0,1,jerry,train
frame2680.jpg,0,1,jerry,train
frame2681.jpg,0,1,jerry,train
frame2682.jpg,0,1,jerry,train
frame2683.jpg,0,1,jerry,train
frame2684.jpg,0,1,jerry,train
frame2685.jpg,0,1,jerry,train
frame2686.jpg,0,1,jerry,train
frame2687.jpg,0,1,jerry,train
frame2688.jpg,0,1,jerry,train
frame2689.jpg,0,1,jerry,train
frame2690.jpg,0,1,jerry,train
frame2691.jpg,0,1,jerry,train
frame2692.jpg,0,1,jerry,train
frame2693.jpg,0,1,jerry,train
frame2694.jpg,0,1,jerry,train
frame2695.jpg,0,1,jerry,train
frame2696.jpg,0,1,jerry,train
frame2697.jpg,0,1,jerry,train
frame2698.jpg,0,1,jerry,train
frame2699.jpg,0,1,jerry,train
frame2700.jpg,0,1,jerry,test
frame2701.jpg,0,1,jerry,test
frame2702.jpg,0,1,jerry,test
frame2703.jpg,0,1,jerry,test
frame2704.jpg,0,1,jerry,test
frame2705.jpg,0,1,jerry,test
frame2706.jpg,0,1,jerry,test
frame2707.jpg,0,1,jerry,test
frame2708.jpg,0,0,neither,test
frame2709.jpg,0,1,jerry,test
frame2710.jpg,0,1,jerry,test
frame2711.jpg,0,0,neither,test
frame2712.jpg,0,0,neither,test
frame2713.jpg,0,0,neither,test
frame2714.jpg,0,0,neither,test
frame2715.jpg,0,1,jerry,test
frame2716.jpg,0,1,jerry,test
frame2717.jpg,0,0,neither,test
frame2718.jpg,0,1,jerry,test
frame2719.jpg,0,1,jerry,test
frame2720.jpg,0,1,jerry,test
frame2721.jpg,0,1,jerry,test
frame2722.jpg,0,1,jerry,test
frame2723.jpg,0,1,jerry,test
frame2724.jpg,0,0,neither,test
frame2725.jpg,0,0,neither,test
frame2726.jpg,0,0,neither,test
frame2727.jpg,0,0,neither,test
frame2728.jpg,0,0,neither,test
frame2729.jpg,1,0,tom,test
frame2730.jpg,1,1,both,test
frame2731.jpg,1,1,both,test
frame2732.jpg,1,1,both,test
frame2733.jpg,1,1,both,test
frame2734.jpg,1,1,both,test
frame2735.jpg,1,1,both,test
frame2736.jpg,1,1,both,test
frame2737.jpg,0,0,neither,test
frame2738.jpg,0,0,neither,test
frame2739.jpg,0,0,neither,test
frame2740.jpg,0,0,neither,test
frame2741.jpg,0,0,neither,test
frame2742.jpg,0,0,neither,test
frame2743.jpg,0,0,neither,test
frame2744.jpg,0,0,neither,test
frame2745.jpg,0,0,neither,test
frame2746.jpg,0,0,neither,test
frame2747.jpg,0,0,neither,test
frame2748.jpg,0,0,neither,test
frame2749.jpg,0,0,neither,test
frame2750.jpg,0,0,neither,train
frame2751.jpg,0,0,neither,train
frame2752.jpg,0,0,neither,train
frame2753.jpg,0,0,neither,train
frame2754.jpg,0,0,neither,train
frame2755.jpg,1,1,both,train
frame2756.jpg,1,1,both,train
frame2757.jpg,1,1,both,train
frame2758.jpg,1,1,both,train
frame2759.jpg,1,1,both,train
frame2760.jpg,1,1,both,train
frame2761.jpg,1,1,both,train
frame2762.jpg,1,1,both,train
frame2763.jpg,1,1,both,train
frame2764.jpg,1,1,both,train
frame2765.jpg,1,1,both,train
frame2766.jpg,1,1,both,train
frame2767.jpg,0,0,neither,train
frame2768.jpg,1,1,both,train
frame2769.jpg,1,1,both,train
frame2770.jpg,1,1,both,train
frame2771.jpg,0,0,neither,train
frame2772.jpg,1,1,both,train
frame2773.jpg,1,1,both,train
frame2774.jpg,1,1,both,train
frame2775.jpg,1,1,both,train
frame2776.jpg,1,1,both,train
frame2777.jpg,1,1,both,train
frame2778.jpg,1,0,tom,train
frame2779.jpg,1,0,tom,train
frame2780.jpg,1,0,tom,train
frame2781.jpg,1,0,tom,train
frame2782.jpg,1,0,tom,train
frame2783.jpg,0,0,neither,train
frame2784.jpg,0,0,neither,train
frame2785.jpg,0,1,jerry,train
frame2786.jpg,0,1,jerry,train
frame2787.jpg,0,1,jerry,train
frame2788.jpg,0,1,jerry,train
frame2789.jpg,0,1,jerry,train
frame2790.jpg,0,1,jerry,train
frame2791.jpg,0,1,jerry,train
frame2792.jpg,0,1,jerry,train
frame2793.jpg,0,1,jerry,train
frame2794.jpg,0,1,jerry,train
frame2795.jpg,0,1,jerry,train
frame2796.jpg,0,1,jerry,train
frame2797.jpg,0,1,jerry,train
frame2798.jpg,0,1,jerry,train
frame2799.jpg,0,1,jerry,train
frame2800.jpg,0,1,jerry,train
frame2801.jpg,0,1,jerry,train
frame2802.jpg,0,1,jerry,train
frame2803.jpg,0,1,jerry,train
frame2804.jpg,0,1,jerry,train
frame2805.jpg,0,1,jerry,train
frame2806.jpg,0,1,jerry,train
frame2807.jpg,0,1,jerry,train
frame2808.jpg,0,1,jerry,train
frame2809.jpg,0,1,jerry,train
frame2810.jpg,0,1,jerry,train
frame2811.jpg,0,1,jerry,train
frame2812.jpg,0,1,jerry,train
frame2813.jpg,0,1,jerry,train
frame2814.jpg,0,1,jerry,train
frame2815.jpg,0,1,jerry,train
frame2816.jpg,0,0,neither,train
frame2817.jpg,0,0,neither,train
frame2818.jpg,0,1,jerry,train
frame2819.jpg,0,1,jerry,train
frame2820.jpg,0,0,neither,train
frame2821.jpg,0,1,jerry,train
frame2822.jpg,0,1,jerry,train
frame2823.jpg,0,0,neither,train
frame2824.jpg,0,1,jerry,train
frame2825.jpg,0,1,jerry,train
frame2826.jpg,0,1,jerry,train
frame2827.jpg,0,0,neither,train
frame2828.jpg,0,0,neither,train
frame2829.jpg,0,0,neither,train
frame2830.jpg,0,1,jerry,train
frame2831.jpg,0,1,jerry,train
frame2832.jpg,0,1,jerry,train
frame2833.jpg,0,1,jerry,train
frame2834.jpg,0,1,jerry,train
frame2835.jpg,0,1,jerry,train
frame2836.jpg,0,1,jerry,train
frame2837.jpg,0,1,jerry,train
frame2838.jpg,0,1,jerry,train
frame2839.jpg,0,1,jerry,train
frame2840.jpg,1,0,tom,train
frame2841.jpg,1,1,both,train
frame2842.jpg,1,1,both,train
frame2843.jpg,1,1,both,train
frame2844.jpg,1,0,tom,train
frame2845.jpg,1,1,both,train
frame2846.jpg,1,1,both,train
frame2847.jpg,1,1,both,train
frame2848.jpg,1,1,both,train
frame2849.jpg,1,1,both,train
frame2850.jpg,1,0,tom,train
frame2851.jpg,1,0,tom,train
frame2852.jpg,1,0,tom,train
frame2853.jpg,0,0,neither,train
frame2854.jpg,0,0,neither,train
frame2855.jpg,0,0,neither,train
frame2856.jpg,0,0,neither,train
frame2857.jpg,0,0,neither,train
frame2858.jpg,0,0,neither,train
frame2859.jpg,0,0,neither,train
frame2860.jpg,0,0,neither,train
frame2861.jpg,0,0,neither,train
frame2862.jpg,0,0,neither,train
frame2863.jpg,0,0,neither,train
frame2864.jpg,1,0,tom,train
frame2865.jpg,1,0,tom,train
frame2866.jpg,1,0,tom,train
frame2867.jpg,1,0,tom,train
frame2868.jpg,1,0,tom,train
frame2869.jpg,1,0,tom,train
frame2870.jpg,1,0,tom,train
frame2871.jpg,1,0,tom,train
frame2872.jpg,1,0,tom,train
frame2873.jpg,1,0,tom,train
frame2874.jpg,1,0,tom,train
frame2875.jpg,1,0,tom,train
frame2876.jpg,1,0,tom,train
frame2877.jpg,1,0,tom,train
frame2878.jpg,1,0,tom,train
frame2879.jpg,1,0,tom,train
frame2880.jpg,1,0,tom,train
frame2881.jpg,1,0,tom,train
frame2882.jpg,1,0,tom,train
frame2883.jpg,1,0,tom,train
frame2884.jpg,1,0,tom,train
frame2885.jpg,1,0,tom,train
frame2886.jpg,1,0,tom,train
frame2887.jpg,0,1,jerry,train
frame2888.jpg,0,1,jerry,train
frame2889.jpg,1,0,tom,train
frame2890.jpg,1,0,tom,train
frame2891.jpg,1,0,tom,train
frame2892.jpg,1,0,tom,train
frame2893.jpg,1,0,tom,train
frame2894.jpg,1,0,tom,train
frame2895.jpg,1,0,tom,train
frame2896.jpg,0,1,jerry,train
frame2897.jpg,0,1,jerry,train
frame2898.jpg,0,1,jerry,train
frame2899.jpg,0,1,jerry,train
frame2900.jpg,1,0,tom,train
frame2901.jpg,1,0,tom,train
frame2902.jpg,1,0,tom,train
frame2903.jpg,1,0,tom,train
frame2904.jpg,0,1,jerry,train
frame2905.jpg,0,1,jerry,train
frame2906.jpg,0,1,jerry,train
frame2907.jpg,0,1,jerry,train
frame2908.jpg,0,1,jerry,train
frame2909.jpg,0,1,jerry,train
frame2910.jpg,0,1,jerry,train
frame2911.jpg,0,1,jerry,train
frame2912.jpg,1,1,both,train
frame2913.jpg,1,1,both,train
frame2914.jpg,1,1,both,train
frame2915.jpg,1,0,tom,train
frame2916.jpg,0,0,neither,train
frame2917.jpg,1,1,both,train
frame2918.jpg,1,0,tom,train
frame2919.jpg,1,1,both,train
frame2920.jpg,1,0,tom,train
frame2921.jpg,1,0,tom,train
frame2922.jpg,1,1,both,train
frame2923.jpg,1,1,both,train
frame2924.jpg,1,1,both,train
frame2925.jpg,1,1,both,train
frame2926.jpg,1,1,both,train
frame2927.jpg,1,1,both,train
frame2928.jpg,1,1,both,train
frame2929.jpg,0,0,neither,train
frame2930.jpg,0,1,jerry,train
frame2931.jpg,1,0,tom,train
frame2932.jpg,1,0,tom,train
frame2933.jpg,1,0,tom,train
frame2934.jpg,1,0,tom,train
frame2935.jpg,0,1,jerry,train
frame2936.jpg,0,1,jerry,train
frame2937.jpg,1,0,tom,train
frame2938.jpg,1,0,tom,train
frame2939.jpg,1,0,tom,train
frame2940.jpg,0,1,jerry,train
frame2941.jpg,0,1,jerry,train
frame2942.jpg,0,1,jerry,train
frame2943.jpg,0,1,jerry,train
frame2944.jpg,0,1,jerry,train
frame2945.jpg,1,0,tom,train
frame2946.jpg,1,0,tom,train
frame2947.jpg,1,0,tom,train
frame2948.jpg,1,0,tom,train
frame2949.jpg,1,0,tom,train
frame2950.jpg,1,0,tom,train
frame2951.jpg,1,0,tom,train
frame2952.jpg,1,0,tom,train
frame2953.jpg,0,0,neither,train
frame2954.jpg,1,0,tom,train
frame2955.jpg,1,0,tom,train
frame2956.jpg,1,0,tom,train
frame2957.jpg,1,0,tom,train
frame2958.jpg,1,0,tom,train
frame2959.jpg,1,0,tom,train
frame2960.jpg,1,0,tom,train
frame2961.jpg,1,0,tom,train
frame2962.jpg,1,0,tom,train
frame2963.jpg,1,0,tom,train
frame2964.jpg,1,0,tom,train
frame2965.jpg,1,0,tom,train
frame2966.jpg,1,0,tom,train
frame2967.jpg,1,0,tom,train
frame2968.jpg,1,0,tom,train
frame2969.jpg,1,0,tom,train
frame2970.jpg,1,0,tom,train
frame2971.jpg,1,0,tom,train
frame2972.jpg,1,0,tom,train
frame2973.jpg,1,0,tom,train
frame2974.jpg,1,0,tom,train
frame2975.jpg,1,0,tom,train
frame2976.jpg,1,0,tom,train
frame2977.jpg,1,0,tom,train
frame2978.jpg,1,0,tom,train
frame2979.jpg,1,0,tom,train
frame2980.jpg,1,0,tom,train
frame2981.jpg,1,0,tom,train
frame2982.jpg,0,0,neither,train
frame2983.jpg,1,0,tom,train
frame2984.jpg,0,0,neither,train
frame2985.jpg,0,0,neither,train
frame2986.jpg,0,0,neither,train
frame2987.jpg,0,0,neither,train
frame2988.jpg,0,0,neither,train
frame2989.jpg,0,1,jerry,train
frame2990.jpg,0,1,jerry,train
frame2991.jpg,0,1,jerry,train
frame2992.jpg,0,1,jerry,train
frame2993.jpg,0,1,jerry,train
frame2994.jpg,0,1,jerry,train
frame2995.jpg,0,1,jerry,train
frame2996.jpg,0,1,jerry,train
frame2997.jpg,0,1,jerry,train
frame2998.jpg,0,1,jerry,train
frame2999.jpg,0,1,jerry,train
frame3000.jpg,0,1,jerry,train
frame3001.jpg,0,1,jerry,train
frame3002.jpg,0,1,jerry,train
frame3003.jpg,0,1,jerry,train
frame3004.jpg,0,1,jerry,train
frame3005.jpg,0,1,jerry,train
frame3006.jpg,0,1,jerry,train
frame3007.jpg,0,1,jerry,train
frame3008.jpg,0,1,jerry,train
frame3009.jpg,0,1,jerry,train
frame3010.jpg,0,1,jerry,train
frame3011.jpg,0,0,neither,train
frame3012.jpg,0,1,jerry,train
frame3013.jpg,0,1,jerry,train
frame3014.jpg,0,1,jerry,train
frame3015.jpg,0,1,jerry,train
frame3016.jpg,0,0,neither,train
frame3017.jpg,0,0,neither,train
frame3018.jpg,0,0,neither,train
frame3019.jpg,0,0,neither,train
frame3020.jpg,0,0,neither,train
frame3021.jpg,0,0,neither,train
frame3022.jpg,0,0,neither,train
frame3023.jpg,0,0,neither,train
frame3024.jpg,1,0,tom,train
frame3025.jpg,1,0,tom,train
frame3026.jpg,1,0,tom,train
frame3027.jpg,0,1,jerry,train
frame3028.jpg,0,1,jerry,train
frame3029.jpg,0,1,jerry,train
frame3030.jpg,0,1,jerry,train
frame3031.jpg,0,1,jerry,train
frame3032.jpg,0,1,jerry,train
frame3033.jpg,0,1,jerry,train
frame3034.jpg,0,1,jerry,train
frame3035.jpg,0,0,neither,train
frame3036.jpg,0,1,jerry,train
frame3037.jpg,0,1,jerry,train
frame3038.jpg,0,1,jerry,train
frame3039.jpg,0,1,jerry,train
frame3040.jpg,1,1,both,train
frame3041.jpg,0,0,neither,train
frame3042.jpg,0,0,neither,train
frame3043.jpg,0,0,neither,train
frame3044.jpg,0,0,neither,train
frame3045.jpg,0,0,neither,train
frame3046.jpg,1,1,both,train
frame3047.jpg,1,1,both,train
frame3048.jpg,1,1,both,train
frame3049.jpg,0,0,neither,train
frame3050.jpg,0,0,neither,train
frame3051.jpg,0,0,neither,train
frame3052.jpg,0,0,neither,train
frame3053.jpg,0,0,neither,train
frame3054.jpg,0,0,neither,train
frame3055.jpg,0,0,neither,train
frame3056.jpg,0,0,neither,train
frame3057.jpg,0,0,neither,train
frame3058.jpg,0,0,neither,train
frame3059.jpg,0,0,neither,train
frame3060.jpg,0,0,neither,train
frame3061.jpg,0,0,neither,train
frame3062.jpg,0,0,neither,train
frame3063.jpg,0,0,neither,train
frame3064.jpg,0,0,neither,train
frame3065.jpg,0,0,neither,train
frame3066.jpg,0,0,neither,train
frame3067.jpg,0,0,neither,train
frame3068.jpg,0,0,neither,train
frame3069.jpg,0,0,neither,train
frame3070.jpg,0,1,jerry,train
frame3071.jpg,1,1,both,train
frame3072.jpg,1,1,both,train
frame3073.jpg,1,1,both,train
frame3074.jpg,0,1,jerry,train
frame3075.jpg,0,1,jerry,train
frame3076.jpg,1,1,both,train
frame3077.jpg,1,1,both,train
frame3078.jpg,1,1,both,train
frame3079.jpg,0,1,jerry,train
frame3080.jpg,1,1,both,train
frame3081.jpg,1,1,both,train
frame3082.jpg,1,1,both,train
frame3083.jpg,0,1,jerry,train
frame3084.jpg,0,1,jerry,train
frame3085.jpg,0,1,jerry,train
frame3086.jpg,0,1,jerry,train
frame3087.jpg,0,1,jerry,train
frame3088.jpg,0,0,neither,train
frame3089.jpg,0,1,jerry,train
frame3090.jpg,0,1,jerry,train
frame3091.jpg,0,1,jerry,train
frame3092.jpg,0,1,jerry,train
frame3093.jpg,0,1,jerry,train
frame3094.jpg,0,1,jerry,train
frame3095.jpg,0,1,jerry,train
frame3096.jpg,0,1,jerry,train
frame3097.jpg,0,1,jerry,train
frame3098.jpg,0,1,jerry,train
frame3099.jpg,0,1,jerry,train
frame3100.jpg,0,1,jerry,train
frame3101.jpg,0,1,jerry,train
frame3102.jpg,0,1,jerry,train
frame3103.jpg,0,1,jerry,train
frame3104.jpg,0,1,jerry,train
frame3105.jpg,0,1,jerry,train
frame3106.jpg,0,1,jerry,train
frame3107.jpg,0,1,jerry,train
frame3108.jpg,0,1,jerry,train
frame3109.jpg,0,1,jerry,train
frame3110.jpg,0,1,jerry,train
frame3111.jpg,0,1,jerry,train
frame3112.jpg,0,1,jerry,train
frame3113.jpg,0,1,jerry,train
frame3114.jpg,0,1,jerry,train
frame3115.jpg,0,1,jerry,train
frame3116.jpg,0,1,jerry,train
frame3117.jpg,0,1,jerry,train
frame3118.jpg,0,0,neither,train
frame3119.jpg,0,0,neither,train
frame3120.jpg,0,0,neither,train
frame3121.jpg,0,0,neither,train
frame3122.jpg,0,0,neither,train
frame3123.jpg,0,1,jerry,train
frame3124.jpg,0,1,jerry,train
frame3125.jpg,0,1,jerry,train
frame3126.jpg,0,1,jerry,train
frame3127.jpg,0,1,jerry,train
frame3128.jpg,0,1,jerry,train
frame3129.jpg,0,1,jerry,train
frame3130.jpg,0,0,neither,train
frame3131.jpg,0,0,neither,train
frame3132.jpg,0,0,neither,train
frame3133.jpg,0,1,jerry,train
frame3134.jpg,0,1,jerry,train
frame3135.jpg,0,1,jerry,train
frame3136.jpg,0,1,jerry,train
frame3137.jpg,0,1,jerry,train
frame3138.jpg,0,1,jerry,train
frame3139.jpg,0,1,jerry,train
frame3140.jpg,0,1,jerry,train
frame3141.jpg,0,0,neither,train
frame3142.jpg,0,1,jerry,train
frame3143.jpg,0,1,jerry,train
frame3144.jpg,0,0,neither,train
frame3145.jpg,0,0,neither,train
frame3146.jpg,0,0,neither,train
frame3147.jpg,0,0,neither,train
frame3148.jpg,0,0,neither,train
frame3149.jpg,0,0,neither,train
frame3150.jpg,0,0,neither,train
frame3151.jpg,0,0,neither,train
frame3152.jpg,0,0,neither,train
frame3153.jpg,0,0,neither,train
frame3154.jpg,0,0,neither,train
frame3155.jpg,0,0,neither,train
frame3156.jpg,0,0,neither,train
frame3157.jpg,0,0,neither,train
frame3158.jpg,0,0,neither,train
frame3159.jpg,0,0,neither,train
frame3160.jpg,0,1,jerry,train
frame3161.jpg,0,1,jerry,train
frame3162.jpg,0,1,jerry,train
frame3163.jpg,0,1,jerry,train
frame3164.jpg,0,1,jerry,train
frame3165.jpg,0,1,jerry,train
frame3166.jpg,0,0,neither,train
frame3167.jpg,0,0,neither,train
frame3168.jpg,0,0,neither,train
frame3169.jpg,0,0,neither,train
frame3170.jpg,0,0,neither,train
frame3171.jpg,0,0,neither,train
frame3172.jpg,0,0,neither,train
frame3173.jpg,0,0,neither,train
frame3174.jpg,0,0,neither,train
frame3175.jpg,0,0,neither,train
frame3176.jpg,0,0,neither,train
frame3177.jpg,0,0,neither,train
frame3178.jpg,0,0,neither,train
frame3179.jpg,0,0,neither,train
frame3180.jpg,0,0,neither,train
frame3181.jpg,0,0,neither,train
frame3182.jpg,0,0,neither,train
frame3183.jpg,0,0,neither,train
frame3184.jpg,0,0,neither,train
frame3185.jpg,0,0,neither,train
frame3186.jpg,0,0,neither,train
frame3187.jpg,0,0,neither,train
frame3188.jpg,0,0,neither,train
frame3189.jpg,0,0,neither,train
frame3190.jpg,0,0,neither,train
frame3191.jpg,0,0,neither,train
frame3192.jpg,0,0,neither,train
frame3193.jpg,0,0,neither,train
frame3194.jpg,0,0,neither,train
frame3195.jpg,0,0,neither,train
frame3196.jpg,0,0,neither,train
frame3197.jpg,0,0,neither,train
frame3198.jpg,0,0,neither,train
frame3199.jpg,0,0,neither,train
frame3200.jpg,0,0,neither,train
frame3201.jpg,0,0,neither,train
frame3202.jpg,0,0,neither,train
frame3203.jpg,0,0,neither,train
frame3204.jpg,0,0,neither,train
frame3205.jpg,0,0,neither,train
frame3206.jpg,0,1,jerry,train
frame3207.jpg,0,1,jerry,train
frame3208.jpg,0,0,neither,train
frame3209.jpg,0,0,neither,train
frame3210.jpg,0,0,neither,train
frame3211.jpg,0,0,neither,train
frame3212.jpg,0,0,neither,train
frame3213.jpg,0,0,neither,train
frame3214.jpg,0,1,jerry,train
frame3215.jpg,0,1,jerry,train
frame3216.jpg,0,1,jerry,train
frame3217.jpg,0,1,jerry,train
frame3218.jpg,0,1,jerry,train
frame3219.jpg,0,1,jerry,train
frame3220.jpg,0,1,jerry,train
frame3221.jpg,0,1,jerry,train
frame3222.jpg,0,1,jerry,train
frame3223.jpg,0,0,neither,train
frame3224.jpg,0,0,neither,train
frame3225.jpg,0,0,neither,train
frame3226.jpg,0,0,neither,train
frame3227.jpg,0,0,neither,train
frame3228.jpg,0,1,jerry,train
frame3229.jpg,0,1,jerry,train
frame3230.jpg,0,1,jerry,train
frame3231.jpg,0,1,jerry,train
frame3232.jpg,0,1,jerry,train
frame3233.jpg,0,1,jerry,train
frame3234.jpg,0,1,jerry,train
frame3235.jpg,0,1,jerry,train
frame3236.jpg,0,1,jerry,train
frame3237.jpg,0,1,jerry,train
frame3238.jpg,0,0,neither,train
frame3239.jpg,0,0,neither,train
frame3240.jpg,1,0,tom,train
frame3241.jpg,1,0,tom,train
frame3242.jpg,1,0,tom,train
frame3243.jpg,0,0,neither,train
frame3244.jpg,1,0,tom,train
frame3245.jpg,1,0,tom,train
frame3246.jpg,1,0,tom,train
frame3247.jpg,1,0,tom,train
frame3248.jpg,1,0,tom,train
frame3249.jpg,1,0,tom,train
frame3250.jpg,0,1,jerry,test
frame3251.jpg,0,1,jerry,test
frame3252.jpg,0,1,jerry,test
frame3253.jpg,0,1,jerry,test
frame3254.jpg,0,1,jerry,test
frame3255.jpg,0,1,jerry,test
frame3256.jpg,1,0,tom,test
frame3257.jpg,1,0,tom,test
frame3258.jpg,1,0,tom,test
frame3259.jpg,0,0,neither,test
frame3260.jpg,0,0,neither,test
frame3261.jpg,0,0,neither,test
frame3262.jpg,0,1,jerry,test
frame3263.jpg,0,0,neither,test
frame3264.jpg,0,0,neither,test
frame3265.jpg,1,0,tom,test
frame3266.jpg,1,0,tom,test
frame3267.jpg,1,0,tom,test
frame3268.jpg,1,0,tom,test
frame3269.jpg,1,0,tom,test
frame3270.jpg,1,0,tom,test
frame3271.jpg,1,0,tom,test
frame3272.jpg,1,0,tom,test
frame3273.jpg,1,0,tom,test
frame3274.jpg,1,0,tom,test
frame3275.jpg,0,0,neither,test
frame3276.jpg,0,0,neither,test
frame3277.jpg,1,0,tom,test
frame3278.jpg,0,0,neither,test
frame3279.jpg,0,0,neither,test
frame3280.jpg,0,0,neither,test
frame3281.jpg,0,0,neither,test
frame3282.jpg,0,0,neither,test
frame3283.jpg,0,0,neither,test
frame3284.jpg,0,0,neither,test
frame3285.jpg,0,0,neither,test
frame3286.jpg,0,0,neither,test
frame3287.jpg,0,0,neither,test
frame3288.jpg,0,0,neither,test
frame3289.jpg,0,0,neither,test
frame3290.jpg,0,0,neither,test
frame3291.jpg,0,0,neither,test
frame3292.jpg,0,0,neither,test
frame3293.jpg,0,0,neither,test
frame3294.jpg,0,0,neither,test
frame3295.jpg,0,0,neither,test
frame3296.jpg,0,0,neither,test
frame3297.jpg,0,0,neither,test
frame3298.jpg,0,0,neither,test
frame3299.jpg,0,0,neither,test
frame3300.jpg,0,0,neither,train
frame3301.jpg,0,0,neither,train
frame3302.jpg,1,0,tom,train
frame3303.jpg,1,0,tom,train
frame3304.jpg,1,0,tom,train
frame3305.jpg,1,0,tom,train
frame3306.jpg,1,0,tom,train
frame3307.jpg,1,0,tom,train
frame3308.jpg,1,0,tom,train
frame3309.jpg,1,0,tom,train
frame3310.jpg,1,0,tom,train
frame3311.jpg,1,0,tom,train
frame3312.jpg,1,0,tom,train
frame3313.jpg,1,0,tom,train
frame3314.jpg,1,0,tom,train
frame3315.jpg,1,0,tom,train
frame3316.jpg,1,0,tom,train
frame3317.jpg,1,0,tom,train
frame3318.jpg,1,0,tom,train
frame3319.jpg,1,0,tom,train
frame3320.jpg,1,0,tom,train
frame3321.jpg,1,0,tom,train
frame3322.jpg,1,0,tom,train
frame3323.jpg,1,0,tom,train
frame3324.jpg,1,0,tom,train
frame3325.jpg,1,1,both,train
frame3326.jpg,1,1,both,train
frame3327.jpg,1,1,both,train
frame3328.jpg,1,1,both,train
frame3329.jpg,1,1,both,train
frame3330.jpg,1,1,both,train
frame3331.jpg,1,0,tom,train
frame3332.jpg,0,1,jerry,train
frame3333.jpg,0,1,jerry,train
frame3334.jpg,1,1,both,train
frame3335.jpg,1,0,tom,train
frame3336.jpg,1,0,tom,train
frame3337.jpg,0,0,neither,train
frame3338.jpg,0,1,jerry,train
frame3339.jpg,0,1,jerry,train
frame3340.jpg,1,0,tom,train
frame3341.jpg,1,0,tom,train
frame3342.jpg,1,0,tom,train
frame3343.jpg,1,0,tom,train
frame3344.jpg,1,0,tom,train
frame3345.jpg,1,0,tom,train
frame3346.jpg,1,0,tom,train
frame3347.jpg,0,0,neither,train
frame3348.jpg,0,0,neither,train
frame3349.jpg,0,0,neither,train
frame3350.jpg,1,0,tom,train
frame3351.jpg,1,0,tom,train
frame3352.jpg,1,0,tom,train
frame3353.jpg,1,0,tom,train
frame3354.jpg,1,0,tom,train
frame3355.jpg,1,0,tom,train
frame3356.jpg,1,0,tom,train
frame3357.jpg,1,0,tom,train
frame3358.jpg,1,0,tom,train
frame3359.jpg,1,0,tom,train
frame3360.jpg,1,0,tom,train
frame3361.jpg,1,0,tom,train
frame3362.jpg,1,0,tom,train
frame3363.jpg,1,0,tom,train
frame3364.jpg,1,0,tom,train
frame3365.jpg,1,0,tom,train
frame3366.jpg,1,0,tom,train
frame3367.jpg,1,0,tom,train
frame3368.jpg,1,0,tom,train
frame3369.jpg,1,0,tom,train
frame3370.jpg,1,0,tom,train
frame3371.jpg,1,0,tom,train
frame3372.jpg,1,0,tom,train
frame3373.jpg,1,0,tom,train
frame3374.jpg,1,1,both,train
frame3375.jpg,1,1,both,train
frame3376.jpg,1,1,both,train
frame3377.jpg,1,0,tom,train
frame3378.jpg,0,0,neither,train
frame3379.jpg,0,0,neither,train
frame3380.jpg,0,1,jerry,train
frame3381.jpg,0,1,jerry,train
frame3382.jpg,1,0,tom,train
frame3383.jpg,1,0,tom,train
frame3384.jpg,1,1,both,train
frame3385.jpg,1,1,both,train
frame3386.jpg,1,0,tom,train
frame3387.jpg,0,0,neither,train
frame3388.jpg,0,0,neither,train
frame3389.jpg,0,0,neither,train
frame3390.jpg,1,1,both,train
frame3391.jpg,1,0,tom,train
frame3392.jpg,1,1,both,train
frame3393.jpg,1,0,tom,train
frame3394.jpg,1,1,both,train
frame3395.jpg,1,0,tom,train
frame3396.jpg,1,1,both,train
frame3397.jpg,1,1,both,train
frame3398.jpg,1,1,both,train
frame3399.jpg,0,1,jerry,train
frame3400.jpg,1,0,tom,train
frame3401.jpg,1,0,tom,train
frame3402.jpg,1,0,tom,train
frame3403.jpg,1,0,tom,train
frame3404.jpg,1,0,tom,train
frame3405.jpg,1,0,tom,train
frame3406.jpg,1,0,tom,train
frame3407.jpg,1,0,tom,train
frame3408.jpg,1,0,tom,train
frame3409.jpg,1,0,tom,train
frame3410.jpg,1,0,tom,train
frame3411.jpg,1,0,tom,train
frame3412.jpg,1,0,tom,train
frame3413.jpg,1,0,tom,train
frame3414.jpg,1,0,tom,train
frame3415.jpg,1,0,tom,train
frame3416.jpg,1,0,tom,train
frame3417.jpg,1,0,tom,train
frame3418.jpg,1,0,tom,train
frame3419.jpg,1,0,tom,train
frame3420.jpg,1,0,tom,train
frame3421.jpg,1,0,tom,train
frame3422.jpg,1,0,tom,train
frame3423.jpg,1,0,tom,train
frame3424.jpg,1,0,tom,train
frame3425.jpg,1,0,tom,train
frame3426.jpg,1,0,tom,train
frame3427.jpg,1,0,tom,train
frame3428.jpg,1,0,tom,train
frame3429.jpg,1,0,tom,train
frame3430.jpg,1,0,tom,train
frame3431.jpg,1,0,tom,train
frame3432.jpg,1,0,tom,train
frame3433.jpg,1,0,tom,train
frame3434.jpg,1,0,tom,train
frame3435.jpg,1,0,tom,train
frame3436.jpg,1,0,tom,train
frame3437.jpg,0,1,jerry,train
frame3438.jpg,0,1,jerry,train
frame3439.jpg,0,1,jerry,train
frame3440.jpg,1,1,both,train
frame3441.jpg,0,1,jerry,train
frame3442.jpg,0,1,jerry,train
frame3443.jpg,0,0,neither,train
frame3444.jpg,0,0,neither,train
frame3445.jpg,0,1,jerry,train
frame3446.jpg,0,1,jerry,train
frame3447.jpg,0,1,jerry,train
frame3448.jpg,0,1,jerry,train
frame3449.jpg,0,0,neither,train
frame3450.jpg,0,0,neither,train
frame3451.jpg,0,1,jerry,train
frame3452.jpg,0,1,jerry,train
frame3453.jpg,0,1,jerry,train
frame3454.jpg,1,0,tom,train
frame3455.jpg,1,0,tom,train
frame3456.jpg,1,0,tom,train
frame3457.jpg,1,0,tom,train
frame3458.jpg,1,0,tom,train
frame3459.jpg,0,0,neither,train
frame3460.jpg,0,0,neither,train
frame3461.jpg,0,0,neither,train
frame3462.jpg,0,0,neither,train
frame3463.jpg,1,0,tom,train
frame3464.jpg,1,0,tom,train
frame3465.jpg,1,0,tom,train
frame3466.jpg,0,0,neither,train
frame3467.jpg,1,0,tom,train
frame3468.jpg,1,0,tom,train
frame3469.jpg,1,0,tom,train
frame3470.jpg,1,0,tom,train
frame3471.jpg,1,0,tom,train
frame3472.jpg,1,0,tom,train
frame3473.jpg,1,0,tom,train
frame3474.jpg,0,0,neither,train
frame3475.jpg,0,0,neither,train
frame3476.jpg,0,0,neither,train
frame3477.jpg,0,0,neither,train
frame3478.jpg,1,0,tom,train
frame3479.jpg,1,0,tom,train
frame3480.jpg,1,0,tom,train
frame3481.jpg,1,0,tom,train
frame3482.jpg,1,0,tom,train
frame3483.jpg,1,0,tom,train
frame3484.jpg,1,0,tom,train
frame3485.jpg,1,0,tom,train
frame3486.jpg,1,0,tom,train
frame3487.jpg,1,0,tom,train
frame3488.jpg,0,0,neither,train
frame3489.jpg,1,0,tom,train
frame3490.jpg,1,0,tom,train
frame3491.jpg,1,0,tom,train
frame3492.jpg,1,0,tom,train
frame3493.jpg,1,0,tom,train
frame3494.jpg,1,0,tom,train
frame3495.jpg,1,0,tom,train
frame3496.jpg,1,0,tom,train
frame3497.jpg,1,0,tom,train
frame3498.jpg,1,0,tom,train
frame3499.jpg,1,0,tom,train
frame3500.jpg,1,0,tom,train
frame3501.jpg,0,0,neither,train
frame3502.jpg,1,0,tom,train
frame3503.jpg,1,0,tom,train
frame3504.jpg,1,0,tom,train
frame3505.jpg,1,0,tom,train
frame3506.jpg,1,0,tom,train
frame3507.jpg,1,0,tom,train
frame3508.jpg,0,1,jerry,train
frame3509.jpg,0,1,jerry,train
frame3510.jpg,0,1,jerry,train
frame3511.jpg,0,1,jerry,train
frame3512.jpg,0,1,jerry,train
frame3513.jpg,0,1,jerry,train
frame3514.jpg,0,1,jerry,train
frame3515.jpg,0,1,jerry,train
frame3516.jpg,0,1,jerry,train
frame3517.jpg,0,1,jerry,train
frame3518.jpg,0,0,neither,train
frame3519.jpg,0,1,jerry,train
frame3520.jpg,0,1,jerry,train
frame3521.jpg,0,1,jerry,train
frame3522.jpg,0,1,jerry,train
frame3523.jpg,0,1,jerry,train
frame3524.jpg,0,1,jerry,train
frame3525.jpg,0,1,jerry,train
frame3526.jpg,0,1,jerry,train
frame3527.jpg,0,1,jerry,train
frame3528.jpg,0,1,jerry,train
frame3529.jpg,1,0,tom,train
frame3530.jpg,1,0,tom,train
frame3531.jpg,1,0,tom,train
frame3532.jpg,1,0,tom,train
frame3533.jpg,1,0,tom,train
frame3534.jpg,1,0,tom,train
frame3535.jpg,1,1,both,train
frame3536.jpg,1,1,both,train
frame3537.jpg,1,1,both,train
frame3538.jpg,1,1,both,train
frame3539.jpg,1,1,both,train
frame3540.jpg,1,1,both,train
frame3541.jpg,1,1,both,train
frame3542.jpg,1,1,both,train
frame3543.jpg,0,0,neither,train
frame3544.jpg,0,0,neither,train
frame3545.jpg,0,1,jerry,train
frame3546.jpg,0,1,jerry,train
frame3547.jpg,0,1,jerry,train
frame3548.jpg,0,1,jerry,train
frame3549.jpg,0,1,jerry,train
frame3550.jpg,0,1,jerry,train
frame3551.jpg,0,1,jerry,train
frame3552.jpg,0,1,jerry,train
frame3553.jpg,0,1,jerry,train
frame3554.jpg,0,1,jerry,train
frame3555.jpg,0,1,jerry,train
frame3556.jpg,0,1,jerry,train
frame3557.jpg,1,0,tom,train
frame3558.jpg,1,0,tom,train
frame3559.jpg,1,0,tom,train
frame3560.jpg,1,0,tom,train
frame3561.jpg,1,0,tom,train
frame3562.jpg,0,1,jerry,train
frame3563.jpg,0,1,jerry,train
frame3564.jpg,0,1,jerry,train
frame3565.jpg,1,0,tom,train
frame3566.jpg,1,0,tom,train
frame3567.jpg,1,0,tom,train
frame3568.jpg,1,0,tom,train
frame3569.jpg,1,0,tom,train
frame3570.jpg,0,0,neither,train
frame3571.jpg,1,0,tom,train
frame3572.jpg,0,0,neither,train
frame3573.jpg,1,0,tom,train
frame3574.jpg,1,0,tom,train
frame3575.jpg,1,0,tom,train
frame3576.jpg,1,0,tom,train
frame3577.jpg,0,0,neither,train
frame3578.jpg,1,0,tom,train
frame3579.jpg,1,0,tom,train
frame3580.jpg,0,0,neither,train
frame3581.jpg,0,0,neither,train
frame3582.jpg,0,0,neither,train
frame3583.jpg,0,0,neither,train
frame3584.jpg,1,0,tom,train
frame3585.jpg,1,0,tom,train
frame3586.jpg,1,0,tom,train
frame3587.jpg,1,0,tom,train
frame3588.jpg,1,0,tom,train
frame3589.jpg,0,0,neither,train
frame3590.jpg,0,0,neither,train
frame3591.jpg,0,0,neither,train
frame3592.jpg,0,0,neither,train
frame3593.jpg,0,0,neither,train
frame3594.jpg,0,0,neither,train
frame3595.jpg,0,0,neither,train
frame3596.jpg,1,0,tom,train
frame3597.jpg,1,0,tom,train
frame3598.jpg,1,0,tom,train
frame3599.jpg,0,1,jerry,train
frame3600.jpg,0,1,jerry,val
frame3601.jpg,0,1,jerry,val
frame3602.jpg,0,1,jerry,val
frame3603.jpg,0,1,jerry,val
frame3604.jpg,0,1,jerry,val
frame3605.jpg,0,1,jerry,val
frame3606.jpg,0,1,jerry,val
frame3607.jpg,0,1,jerry,val
frame3608.jpg,0,1,jerry,val
frame3609.jpg,0,1,jerry,val
frame3610.jpg,0,1,jerry,val
frame3611.jpg,0,1,jerry,val
frame3612.jpg,0,1,jerry,val
frame3613.jpg,1,0,tom,val
frame3614.jpg,0,0,neither,val
frame3615.jpg,0,1,jerry,val
frame3616.jpg,0,1,jerry,val
frame3617.jpg,0,1,jerry,val
frame3618.jpg,0,1,jerry,val
frame3619.jpg,0,1,jerry,val
frame3620.jpg,0,0,neither,val
frame3621.jpg,0,1,jerry,val
frame3622.jpg,0,1,jerry,val
frame3623.jpg,1,1,both,val
frame3624.jpg,1,1,both,val
frame3625.jpg,1,1,both,val
frame3626.jpg,1,0,tom,val
frame3627.jpg,0,0,neither,val
frame3628.jpg,1,0,tom,val
frame3629.jpg,1,0,tom,val
frame3630.jpg,1,0,tom,val
frame3631.jpg,0,1,jerry,val
frame3632.jpg,0,0,neither,val
frame3633.jpg,1,0,tom,val
frame3634.jpg,1,0,tom,val
frame3635.jpg,1,0,tom,val
frame3636.jpg,1,0,tom,val
frame3637.jpg,1,0,tom,val
frame3638.jpg,1,0,tom,val
frame3639.jpg,1,0,tom,val
frame3640.jpg,1,0,tom,val
frame3641.jpg,0,0,neither,val
frame3642.jpg,0,0,neither,val
frame3643.jpg,0,0,neither,val
frame3644.jpg,0,0,neither,val
frame3645.jpg,0,0,neither,val
frame3646.jpg,0,0,neither,val
frame3647.jpg,0,0,neither,val
frame3648.jpg,0,1,jerry,val
frame3649.jpg,0,1,jerry,val
frame3650.jpg,0,1,jerry,val
frame3651.jpg,0,1,jerry,val
frame3652.jpg,0,1,jerry,val
frame3653.jpg,0,1,jerry,val
frame3654.jpg,0,1,jerry,val
frame3655.jpg,0,0,neither,val
frame3656.jpg,1,0,tom,val
frame3657.jpg,1,0,tom,val
frame3658.jpg,1,0,tom,val
frame3659.jpg,1,0,tom,val
frame3660.jpg,1,0,tom,val
frame3661.jpg,1,0,tom,val
frame3662.jpg,1,0,tom,val
frame3663.jpg,1,0,tom,val
frame3664.jpg,1,0,tom,val
frame3665.jpg,1,0,tom,val
frame3666.jpg,1,0,tom,val
frame3667.jpg,1,0,tom,val
frame3668.jpg,1,0,tom,val
frame3669.jpg,1,0,tom,val
frame3670.jpg,0,1,jerry,val
frame3671.jpg,0,1,jerry,val
frame3672.jpg,0,1,jerry,val
frame3673.jpg,0,0,neither,val
frame3674.jpg,1,0,tom,val
frame3675.jpg,1,0,tom,val
frame3676.jpg,1,0,tom,val
frame3677.jpg,0,0,neither,val
frame3678.jpg,0,0,neither,val
frame3679.jpg,0,1,jerry,val
frame3680.jpg,0,1,jerry,val
frame3681.jpg,0,1,jerry,val
frame3682.jpg,0,1,jerry,val
frame3683.jpg,0,1,jerry,val
frame3684.jpg,0,1,jerry,val
frame3685.jpg,0,1,jerry,val
frame3686.jpg,0,0,neither,val
frame3687.jpg,0,0,neither,val
frame3688.jpg,0,0,neither,val
frame3689.jpg,0,1,jerry,val
frame3690.jpg,0,1,jerry,val
frame3691.jpg,0,0,neither,val
frame3692.jpg,0,0,neither,val
frame3693.jpg,0,0,neither,val
frame3694.jpg,0,0,neither,val
frame3695.jpg,0,0,neither,val
frame3696.jpg,0,0,neither,val
frame3697.jpg,0,0,neither,val
frame3698.jpg,0,0,neither,val
frame3699.jpg,0,0,neither,val
frame3700.jpg,0,0,neither,train
frame3701.jpg,0,0,neither,train
frame3702.jpg,0,0,neither,train
frame3703.jpg,0,0,neither,train
frame3704.jpg,0,0,neither,train
frame3705.jpg,0,0,neither,train
frame3706.jpg,0,0,neither,train
frame3707.jpg,0,0,neither,train
frame3708.jpg,0,0,neither,train
frame3709.jpg,0,0,neither,train
frame3710.jpg,0,0,neither,train
frame3711.jpg,0,0,neither,train
frame3712.jpg,0,0,neither,train
frame3713.jpg,1,0,tom,train
frame3714.jpg,1,0,tom,train
frame3715.jpg,1,0,tom,train
frame3716.jpg,0,0,neither,train
frame3717.jpg,1,0,tom,train
frame3718.jpg,1,0,tom,train
frame3719.jpg,1,0,tom,train
frame3720.jpg,1,0,tom,train
frame3721.jpg,0,0,neither,train
frame3722.jpg,0,0,neither,train
frame3723.jpg,0,0,neither,train
frame3724.jpg,0,0,neither,train
frame3725.jpg,0,0,neither,train
frame3726.jpg,0,0,neither,train
frame3727.jpg,0,0,neither,train
frame3728.jpg,0,1,jerry,train
frame3729.jpg,0,1,jerry,train
frame3730.jpg,0,1,jerry,train
frame3731.jpg,0,1,jerry,train
frame3732.jpg,1,0,tom,train
frame3733.jpg,1,0,tom,train
frame3734.jpg,1,0,tom,train
frame3735.jpg,1,0,tom,train
frame3736.jpg,1,0,tom,train
frame3737.jpg,1,0,tom,train
frame3738.jpg,1,0,tom,train
frame3739.jpg,1,0,tom,train
frame3740.jpg,0,0,neither,train
frame3741.jpg,0,0,neither,train
frame3742.jpg,0,0,neither,train
frame3743.jpg,1,0,tom,train
frame3744.jpg,1,0,tom,train
frame3745.jpg,1,0,tom,train
frame3746.jpg,0,0,neither,train
frame3747.jpg,0,0,neither,train
frame3748.jpg,1,0,tom,train
frame3749.jpg,1,0,tom,train
frame3750.jpg,1,0,tom,val
frame3751.jpg,1,0,tom,val
frame3752.jpg,1,0,tom,val
frame3753.jpg,1,0,tom,val
frame3754.jpg,1,0,tom,val
frame3755.jpg,1,0,tom,val
frame3756.jpg,1,0,tom,val
frame3757.jpg,1,0,tom,val
frame3758.jpg,1,0,tom,val
frame3759.jpg,1,0,tom,val
frame3760.jpg,1,0,tom,val
frame3761.jpg,1,0,tom,val
frame3762.jpg,1,0,tom,val
frame3763.jpg,1,0,tom,val
frame3764.jpg,1,0,tom,val
frame3765.jpg,1,0,tom,val
frame3766.jpg,1,0,tom,val
frame3767.jpg,1,1,both,val
frame3768.jpg,1,0,tom,val
frame3769.jpg,1,0,tom,val
frame3770.jpg,1,0,tom,val
frame3771.jpg,1,1,both,val
frame3772.jpg,1,1,both,val
frame3773.jpg,1,1,both,val
frame3774.jpg,1,1,both,val
frame3775.jpg,1,1,both,val
frame3776.jpg,1,1,both,val
frame3777.jpg,1,1,both,val
frame3778.jpg,1,1,both,val
frame3779.jpg,1,1,both,val
frame3780.jpg,1,1,both,val
frame3781.jpg,1,1,both,val
frame3782.jpg,1,1,both,val
frame3783.jpg,1,1,both,val
frame3784.jpg,1,1,both,val
frame3785.jpg,1,1,both,val
frame3786.jpg,0,0,neither,val
frame3787.jpg,1,0,tom,val
frame3788.jpg,1,1,both,val
frame3789.jpg,1,1,both,val
frame3790.jpg,1,1,both,val
frame3791.jpg,1,1,both,val
frame3792.jpg,1,1,both,val
frame3793.jpg,1,1,both,val
frame3794.jpg,1,1,both,val
frame3795.jpg,1,1,both,val
frame3796.jpg,1,1,both,val
frame3797.jpg,1,1,both,val
frame3798.jpg,1,1,both,val
frame3799.jpg,1,1,both,val
frame3800.jpg,1,1,both,train
frame3801.jpg,1,1,both,train
frame3802.jpg,0,0,neither,train
frame3803.jpg,0,0,neither,train
frame3804.jpg,0,0,neither,train
frame3805.jpg,0,0,neither,train
frame3806.jpg,0,0,neither,train
frame3807.jpg,0,0,neither,train
frame3808.jpg,0,0,neither,train
frame3809.jpg,1,0,tom,train
frame3810.jpg,1,0,tom,train
frame3811.jpg,1,0,tom,train
frame3812.jpg,1,0,tom,train
frame3813.jpg,1,0,tom,train
frame3814.jpg,1,0,tom,train
frame3815.jpg,1,0,tom,train
frame3816.jpg,1,0,tom,train
frame3817.jpg,1,0,tom,train
frame3818.jpg,1,0,tom,train
frame3819.jpg,1,0,tom,train
frame3820.jpg,1,0,tom,train
frame3821.jpg,1,0,tom,train
frame3822.jpg,1,0,tom,train
frame3823.jpg,1,0,tom,train
frame3824.jpg,1,0,tom,train
frame3825.jpg,1,0,tom,train
frame3826.jpg,1,0,tom,train
frame3827.jpg,1,0,tom,train
frame3828.jpg,1,0,tom,train
frame3829.jpg,1,0,tom,train
frame3830.jpg,1,0,tom,train
frame3831.jpg,1,0,tom,train
frame3832.jpg,1,0,tom,train
frame3833.jpg,1,0,tom,train
frame3834.jpg,1,0,tom,train
frame3835.jpg,1,0,tom,train
frame3836.jpg,1,0,tom,train
frame3837.jpg,0,0,neither,train
frame3838.jpg,0,0,neither,train
frame3839.jpg,0,0,neither,train
frame3840.jpg,0,0,neither,train
frame3841.jpg,0,1,jerry,train
frame3842.jpg,0,1,jerry,train
frame3843.jpg,0,1,jerry,train
frame3844.jpg,1,1,both,train
frame3845.jpg,1,0,tom,train
frame3846.jpg,1,0,tom,train
frame3847.jpg,1,0,tom,train
frame3848.jpg,1,0,tom,train
frame3849.jpg,1,0,tom,train
frame3850.jpg,1,0,tom,val
frame3851.jpg,1,0,tom,val
frame3852.jpg,1,0,tom,val
frame3853.jpg,1,0,tom,val
frame3854.jpg,1,0,tom,val
frame3855.jpg,1,0,tom,val
frame3856.jpg,1,0,tom,val
frame3857.jpg,1,1,both,val
frame3858.jpg,1,0,tom,val
frame3859.jpg,1,0,tom,val
frame3860.jpg,1,0,tom,val
frame3861.jpg,1,0,tom,val
frame3862.jpg,1,0,tom,val
frame3863.jpg,0,0,neither,val
frame3864.jpg,0,1,jerry,val
frame3865.jpg,0,1,jerry,val
frame3866.jpg,1,0,tom,val
frame3867.jpg,0,0,neither,val
frame3868.jpg,0,0,neither,val
frame3869.jpg,0,0,neither,val
frame3870.jpg,0,0,neither,val
frame3871.jpg,0,0,neither,val
frame3872.jpg,0,0,neither,val
frame3873.jpg,0,0,neither,val
frame3874.jpg,0,0,neither,val
frame3875.jpg,0,0,neither,val
frame3876.jpg,0,1,jerry,val
frame3877.jpg,0,1,jerry,val
frame3878.jpg,0,0,neither,val
frame3879.jpg,0,0,neither,val
frame3880.jpg,0,0,neither,val
frame3881.jpg,0,0,neither,val
frame3882.jpg,0,0,neither,val
frame3883.jpg,0,0,neither,val
frame3884.jpg,0,0,neither,val
frame3885.jpg,0,0,neither,val
frame3886.jpg,0,1,jerry,val
frame3887.jpg,0,1,jerry,val
frame3888.jpg,1,1,both,val
frame3889.jpg,1,1,both,val
frame3890.jpg,1,1,both,val
frame3891.jpg,0,0,neither,val
frame3892.jpg,0,0,neither,val
frame3893.jpg,0,0,neither,val
frame3894.jpg,0,0,neither,val
frame3895.jpg,0,0,neither,val
frame3896.jpg,0,0,neither,val
frame3897.jpg,0,0,neither,val
frame3898.jpg,0,0,neither,val
frame3899.jpg,0,0,neither,val
frame3900.jpg,0,0,neither,train
frame3901.jpg,0,0,neither,train
frame3902.jpg,1,0,tom,train
frame3903.jpg,1,0,tom,train
frame3904.jpg,1,0,tom,train
frame3905.jpg,1,0,tom,train
frame3906.jpg,1,0,tom,train
frame3907.jpg,1,0,tom,train
frame3908.jpg,1,1,both,train
frame3909.jpg,1,1,both,train
frame3910.jpg,1,1,both,train
frame3911.jpg,1,1,both,train
frame3912.jpg,1,1,both,train
frame3913.jpg,1,1,both,train
frame3914.jpg,1,1,both,train
frame3915.jpg,1,1,both,train
frame3916.jpg,1,1,both,train
frame3917.jpg,1,1,both,train
frame3918.jpg,1,1,both,train
frame3919.jpg,1,1,both,train
frame3920.jpg,0,1,jerry,train
frame3921.jpg,0,1,jerry,train
frame3922.jpg,1,0,tom,train
frame3923.jpg,1,0,tom,train
frame3924.jpg,1,0,tom,train
frame3925.jpg,1,0,tom,train
frame3926.jpg,1,0,tom,train
frame3927.jpg,1,0,tom,train
frame3928.jpg,0,1,jerry,train
frame3929.jpg,0,1,jerry,train
frame3930.jpg,0,1,jerry,train
frame3931.jpg,0,1,jerry,train
frame3932.jpg,0,1,jerry,train
frame3933.jpg,0,1,jerry,train
frame3934.jpg,0,1,jerry,train
frame3935.jpg,0,1,jerry,train
frame3936.jpg,0,1,jerry,train
frame3937.jpg,0,1,jerry,train
frame3938.jpg,0,1,jerry,train
frame3939.jpg,0,0,neither,train
frame3940.jpg,0,0,neither,train
frame3941.jpg,0,0,neither,train
frame3942.jpg,0,0,neither,train
frame3943.jpg,0,1,jerry,train
frame3944.jpg,0,1,jerry,train
frame3945.jpg,0,1,jerry,train
frame3946.jpg,0,1,jerry,train
frame3947.jpg,0,1,jerry,train
frame3948.jpg,0,0,neither,train
frame3949.jpg,0,1,jerry,train
frame3950.jpg,0,1,jerry,val
frame3951.jpg,0,1,jerry,val
frame3952.jpg,0,0,neither,val
frame3953.jpg,0,0,neither,val
frame3954.jpg,0,0,neither,val
frame3955.jpg,0,0,neither,val
frame3956.jpg,0,0,neither,val
frame3957.jpg,0,0,neither,val
frame3958.jpg,0,0,neither,val
frame3959.jpg,0,0,neither,val
frame3960.jpg,0,0,neither,val
frame3961.jpg,0,0,neither,val
frame3962.jpg,0,0,neither,val
frame3963.jpg,1,0,tom,val
frame3964.jpg,1,0,tom,val
frame3965.jpg,1,0,tom,val
frame3966.jpg,1,0,tom,val
frame3967.jpg,0,1,jerry,val
frame3968.jpg,0,1,jerry,val
frame3969.jpg,0,1,jerry,val
frame3970.jpg,0,1,jerry,val
frame3971.jpg,1,0,tom,val
frame3972.jpg,1,0,tom,val
frame3973.jpg,0,0,neither,val
frame3974.jpg,0,1,jerry,val
frame3975.jpg,0,1,jerry,val
frame3976.jpg,0,0,neither,val
frame3977.jpg,0,1,jerry,val
frame3978.jpg,0,1,jerry,val
frame3979.jpg,0,0,neither,val
frame3980.jpg,1,0,tom,val
frame3981.jpg,1,0,tom,val
frame3982.jpg,1,0,tom,val
frame3983.jpg,1,0,tom,val
frame3984.jpg,1,0,tom,val
frame3985.jpg,1,0,tom,val
frame3986.jpg,0,0,neither,val
frame3987.jpg,0,0,neither,val
frame3988.jpg,0,0,neither,val
frame3989.jpg,0,0,neither,val
frame3990.jpg,0,0,neither,val
frame3991.jpg,0,0,neither,val
frame3992.jpg,0,0,neither,val
frame3993.jpg,0,0,neither,val
frame3994.jpg,0,0,neither,val
frame3995.jpg,0,0,neither,val
frame3996.jpg,0,0,neither,val
frame3997.jpg,0,0,neither,val
frame3998.jpg,0,0,neither,val
frame3999.jpg,0,0,neither,val
frame4000.jpg,0,0,neither,test
frame4001.jpg,0,0,neither,test
frame4002.jpg,0,0,neither,test
frame4003.jpg,0,0,neither,test
frame4004.jpg,0,0,neither,test
frame4005.jpg,0,0,neither,test
frame4006.jpg,0,0,neither,test
frame4007.jpg,0,0,neither,test
frame4008.jpg,0,0,neither,test
frame4009.jpg,0,0,neither,test
frame4010.jpg,0,0,neither,test
frame4011.jpg,0,0,neither,test
frame4012.jpg,0,0,neither,test
frame4013.jpg,0,0,neither,test
frame4014.jpg,0,0,neither,test
frame4015.jpg,0,0,neither,test
frame4016.jpg,0,0,neither,test
frame4017.jpg,0,0,neither,test
frame4018.jpg,0,0,neither,test
frame4019.jpg,0,0,neither,test
frame4020.jpg,0,0,neither,test
frame4021.jpg,0,0,neither,test
frame4022.jpg,0,0,neither,test
frame4023.jpg,0,0,neither,test
frame4024.jpg,0,0,neither,test
frame4025.jpg,0,0,neither,test
frame4026.jpg,0,0,neither,test
frame4027.jpg,0,1,jerry,test
frame4028.jpg,0,1,jerry,test
frame4029.jpg,1,0,tom,test
frame4030.jpg,1,0,tom,test
frame4031.jpg,1,0,tom,test
frame4032.jpg,1,0,tom,test
frame4033.jpg,1,0,tom,test
frame4034.jpg,1,0,tom,test
frame4035.jpg,1,0,tom,test
frame4036.jpg,1,0,tom,test
frame4037.jpg,1,0,tom,test
frame4038.jpg,1,0,tom,test
frame4039.jpg,1,0,tom,test
frame4040.jpg,1,0,tom,test
frame4041.jpg,1,0,tom,test
frame4042.jpg,1,0,tom,test
frame4043.jpg,0,0,neither,test
frame4044.jpg,0,0,neither,test
frame4045.jpg,0,0,neither,test
frame4046.jpg,0,0,neither,test
frame4047.jpg,0,0,neither,test
frame4048.jpg,0,0,neither,test
frame4049.jpg,0,0,neither,test
frame4050.jpg,0,0,neither,train
frame4051.jpg,0,0,neither,train
frame4052.jpg,0,0,neither,train
frame4053.jpg,0,0,neither,train
frame4054.jpg,0,0,neither,train
frame4055.jpg,0,0,neither,train
frame4056.jpg,0,0,neither,train
frame4057.jpg,0,0,neither,train
frame4058.jpg,0,0,neither,train
frame4059.jpg,1,0,tom,train
frame4060.jpg,1,0,tom,train
frame4061.jpg,1,0,tom,train
frame4062.jpg,0,0,neither,train
frame4063.jpg,0,0,neither,train
frame4064.jpg,0,0,neither,train
frame4065.jpg,0,0,neither,train
frame4066.jpg,0,0,neither,train
frame4067.jpg,0,0,neither,train
frame4068.jpg,0,0,neither,train
frame4069.jpg,0,0,neither,train
frame4070.jpg,0,0,neither,train
frame4071.jpg,0,0,neither,train
frame4072.jpg,0,0,neither,train
frame4073.jpg,0,0,neither,train
frame4074.jpg,0,0,neither,train
frame4075.jpg,0,0,neither,train
frame4076.jpg,0,0,neither,train
frame4077.jpg,0,0,neither,train
frame4078.jpg,0,0,neither,train
frame4079.jpg,0,0,neither,train
frame4080.jpg,0,0,neither,train
frame4081.jpg,0,0,neither,train
frame4082.jpg,1,0,tom,train
frame4083.jpg,1,0,tom,train
frame4084.jpg,1,0,tom,train
frame4085.jpg,1,0,tom,train
frame4086.jpg,1,0,tom,train
frame4087.jpg,1,0,tom,train
frame4088.jpg,1,0,tom,train
frame4089.jpg,1,0,tom,train
frame4090.jpg,1,0,tom,train
frame4091.jpg,1,0,tom,train
frame4092.jpg,1,0,tom,train
frame4093.jpg,1,0,tom,train
frame4094.jpg,1,0,tom,train
frame4095.jpg,1,0,tom,train
frame4096.jpg,1,0,tom,train
frame4097.jpg,1,0,tom,train
frame4098.jpg,0,0,neither,train
frame4099.jpg,0,1,jerry,train
frame4100.jpg,0,1,jerry,train
frame4101.jpg,0,1,jerry,train
frame4102.jpg,0,1,jerry,train
frame4103.jpg,0,0,neither,train
frame4104.jpg,0,1,jerry,train
frame4105.jpg,0,1,jerry,train
frame4106.jpg,0,0,neither,train
frame4107.jpg,0,1,jerry,train
frame4108.jpg,0,1,jerry,train
frame4109.jpg,1,0,tom,train
frame4110.jpg,1,0,tom,train
frame4111.jpg,1,0,tom,train
frame4112.jpg,0,0,neither,train
frame4113.jpg,0,0,neither,train
frame4114.jpg,0,0,neither,train
frame4115.jpg,0,0,neither,train
frame4116.jpg,0,0,neither,train
frame4117.jpg,0,0,neither,train
frame4118.jpg,0,0,neither,train
frame4119.jpg,0,0,neither,train
frame4120.jpg,0,0,neither,train
frame4121.jpg,0,0,neither,train
frame4122.jpg,0,0,neither,train
frame4123.jpg,0,0,neither,train
frame4124.jpg,0,0,neither,train
frame4125.jpg,0,0,neither,train
frame4126.jpg,0,0,neither,train
frame4127.jpg,0,0,neither,train
frame4128.jpg,0,0,neither,train
frame4129.jpg,0,0,neither,train
frame4130.jpg,1,0,tom,train
frame4131.jpg,1,0,tom,train
frame4132.jpg,0,0,neither,train
frame4133.jpg,1,0,tom,train
frame4134.jpg,1,0,tom,train
frame4135.jpg,1,0,tom,train
frame4136.jpg,1,0,tom,train
frame4137.jpg,1,0,tom,train
frame4138.jpg,1,0,tom,train
frame4139.jpg,1,0,tom,train
frame4140.jpg,1,0,tom,train
frame4141.jpg,1,0,tom,train
frame4142.jpg,1,0,tom,train
frame4143.jpg,1,0,tom,train
frame4144.jpg,1,0,tom,train
frame4145.jpg,1,0,tom,train
frame4146.jpg,1,0,tom,train
frame4147.jpg,1,0,tom,train
frame4148.jpg,1,0,tom,train
frame4149.jpg,1,0,tom,train
frame4150.jpg,1,0,tom,train
frame4151.jpg,1,0,tom,train
frame4152.jpg,1,0,tom,train
frame4153.jpg,1,0,tom,train
frame4154.jpg,1,0,tom,train
frame4155.jpg,0,0,neither,train
frame4156.jpg,0,0,neither,train
frame4157.jpg,0,0,neither,train
frame4158.jpg,0,0,neither,train
frame4159.jpg,1,0,tom,train
frame4160.jpg,1,0,tom,train
frame4161.jpg,1,0,tom,train
frame4162.jpg,1,0,tom,train
frame4163.jpg,1,0,tom,train
frame4164.jpg,1,0,tom,train
frame4165.jpg,1,0,tom,train
frame4166.jpg,1,0,tom,train
frame4167.jpg,1,0,tom,train
frame4168.jpg,1,0,tom,train
frame4169.jpg,1,0,tom,train
frame4170.jpg,1,0,tom,train
frame4171.jpg,1,0,tom,train
frame4172.jpg,1,0,tom,train
frame4173.jpg,1,0,tom,train
frame4174.jpg,1,0,tom,train
frame4175.jpg,1,0,tom,train
frame4176.jpg,1,0,tom,train
frame4177.jpg,1,0,tom,train
frame4178.jpg,1,0,tom,train
frame4179.jpg,1,0,tom,train
frame4180.jpg,1,0,tom,train
frame4181.jpg,1,0,tom,train
frame4182.jpg,1,0,tom,train
frame4183.jpg,0,0,neither,train
frame4184.jpg,0,0,neither,train
frame4185.jpg,0,0,neither,train
frame4186.jpg,1,0,tom,train
frame4187.jpg,1,0,tom,train
frame4188.jpg,0,0,neither,train
frame4189.jpg,0,0,neither,train
frame4190.jpg,0,0,neither,train
frame4191.jpg,1,0,tom,train
frame4192.jpg,1,0,tom,train
frame4193.jpg,0,0,neither,train
frame4194.jpg,0,0,neither,train
frame4195.jpg,0,0,neither,train
frame4196.jpg,1,0,tom,train
frame4197.jpg,1,0,tom,train
frame4198.jpg,1,0,tom,train
frame4199.jpg,1,0,tom,train
frame4200.jpg,1,0,tom,test
frame4201.jpg,1,0,tom,test
frame4202.jpg,1,0,tom,test
frame4203.jpg,1,0,tom,test
frame4204.jpg,1,0,tom,test
frame4205.jpg,0,0,neither,test
frame4206.jpg,1,0,tom,test
frame4207.jpg,1,0,tom,test
frame4208.jpg,1,0,tom,test
frame4209.jpg,1,0,tom,test
frame4210.jpg,1,1,both,test
frame4211.jpg,1,1,both,test
frame4212.jpg,1,1,both,test
frame4213.jpg,1,1,both,test
frame4214.jpg,1,1,both,test
frame4215.jpg,1,1,both,test
frame4216.jpg,1,0,tom,test
frame4217.jpg,1,0,tom,test
frame4218.jpg,1,0,tom,test
frame4219.jpg,1,0,tom,test
frame4220.jpg,1,0,tom,test
frame4221.jpg,0,1,jerry,test
frame4222.jpg,0,0,neither,test
frame4223.jpg,0,0,neither,test
frame4224.jpg,0,1,jerry,test
frame4225.jpg,0,0,neither,test
frame4226.jpg,1,0,tom,test
frame4227.jpg,1,0,tom,test
frame4228.jpg,1,0,tom,test
frame4229.jpg,1,0,tom,test
frame4230.jpg,1,0,tom,test
frame4231.jpg,1,0,tom,test
frame4232.jpg,1,0,tom,test
frame4233.jpg,0,1,jerry,test
frame4234.jpg,0,0,neither,test
frame4235.jpg,0,0,neither,test
frame4236.jpg,1,0,tom,test
frame4237.jpg,1,0,tom,test
frame4238.jpg,1,0,tom,test
frame4239.jpg,0,0,neither,test
frame4240.jpg,1,0,tom,test
frame4241.jpg,1,0,tom,test
frame4242.jpg,1,0,tom,test
frame4243.jpg,0,0,neither,test
frame4244.jpg,0,0,neither,test
frame4245.jpg,0,0,neither,test
frame4246.jpg,0,0,neither,test
frame4247.jpg,1,0,tom,test
frame4248.jpg,0,0,neither,test
frame4249.jpg,0,0,neither,test
frame4250.jpg,0,0,neither,train
frame4251.jpg,0,0,neither,train
frame4252.jpg,0,0,neither,train
frame4253.jpg,1,0,tom,train
frame4254.jpg,1,0,tom,train
frame4255.jpg,0,0,neither,train
frame4256.jpg,1,0,tom,train
frame4257.jpg,1,0,tom,train
frame4258.jpg,1,0,tom,train
frame4259.jpg,1,0,tom,train
frame4260.jpg,1,0,tom,train
frame4261.jpg,0,0,neither,train
frame4262.jpg,0,0,neither,train
frame4263.jpg,1,0,tom,train
frame4264.jpg,1,0,tom,train
frame4265.jpg,1,0,tom,train
frame4266.jpg,1,0,tom,train
frame4267.jpg,1,0,tom,train
frame4268.jpg,0,0,neither,train
frame4269.jpg,0,0,neither,train
frame4270.jpg,0,0,neither,train
frame4271.jpg,0,0,neither,train
frame4272.jpg,0,0,neither,train
frame4273.jpg,1,0,tom,train
frame4274.jpg,1,0,tom,train
frame4275.jpg,1,0,tom,train
frame4276.jpg,1,0,tom,train
frame4277.jpg,0,0,neither,train
frame4278.jpg,0,0,neither,train
frame4279.jpg,0,0,neither,train
frame4280.jpg,1,0,tom,train
frame4281.jpg,1,0,tom,train
frame4282.jpg,0,0,neither,train
frame4283.jpg,0,1,jerry,train
frame4284.jpg,0,1,jerry,train
frame4285.jpg,0,1,jerry,train
frame4286.jpg,0,0,neither,train
frame4287.jpg,1,0,tom,train
frame4288.jpg,0,0,neither,train
frame4289.jpg,1,0,tom,train
frame4290.jpg,1,0,tom,train
frame4291.jpg,1,0,tom,train
frame4292.jpg,1,0,tom,train
frame4293.jpg,0,0,neither,train
frame4294.jpg,0,0,neither,train
frame4295.jpg,0,0,neither,train
frame4296.jpg,0,0,neither,train
frame4297.jpg,0,0,neither,train
frame4298.jpg,0,0,neither,train
frame4299.jpg,0,1,jerry,train
frame4300.jpg,0,1,jerry,train
frame4301.jpg,0,1,jerry,train
frame4302.jpg,0,1,jerry,train
frame4303.jpg,0,1,jerry,train
frame4304.jpg,0,1,jerry,train
frame4305.jpg,0,1,jerry,train
frame4306.jpg,0,1,jerry,train
frame4307.jpg,0,0,neither,train
frame4308.jpg,0,1,jerry,train
frame4309.jpg,1,0,tom,train
frame4310.jpg,1,1,both,train
frame4311.jpg,1,1,both,train
frame4312.jpg,1,1,both,train
frame4313.jpg,1,1,both,train
frame4314.jpg,1,1,both,train
frame4315.jpg,1,0,tom,train
frame4316.jpg,0,1,jerry,train
frame4317.jpg,0,1,jerry,train
frame4318.jpg,0,1,jerry,train
frame4319.jpg,0,1,jerry,train
frame4320.jpg,1,1,both,train
frame4321.jpg,1,1,both,train
frame4322.jpg,1,1,both,train
frame4323.jpg,1,1,both,train
frame4324.jpg,1,1,both,train
frame4325.jpg,1,1,both,train
frame4326.jpg,1,1,both,train
frame4327.jpg,1,1,both,train
frame4328.jpg,1,1,both,train
frame4329.jpg,1,1,both,train
frame4330.jpg,1,1,both,train
frame4331.jpg,1,1,both,train
frame4332.jpg,1,1,both,train
frame4333.jpg,1,1,both,train
frame4334.jpg,1,1,both,train
frame4335.jpg,1,1,both,train
frame4336.jpg,1,1,both,train
frame4337.jpg,1,1,both,train
frame4338.jpg,1,1,both,train
frame4339.jpg,1,1,both,train
frame4340.jpg,1,0,tom,train
frame4341.jpg,1,1,both,train
frame4342.jpg,1,1,both,train
frame4343.jpg,1,1,both,train
frame4344.jpg,1,1,both,train
frame4345.jpg,1,1,both,train
frame4346.jpg,1,1,both,train
frame4347.jpg,1,1,both,train
frame4348.jpg,0,0,neither,train
frame4349.jpg,0,0,neither,train
frame4350.jpg,0,0,neither,train
frame4351.jpg,0,0,neither,train
frame4352.jpg,0,0,neither,train
frame4353.jpg,0,0,neither,train
frame4354.jpg,0,0,neither,train
frame4355.jpg,1,1,both,train
frame4356.jpg,1,1,both,train
frame4357.jpg,1,1,both,train
frame4358.jpg,1,1,both,train
frame4359.jpg,1,1,both,train
frame4360.jpg,1,1,both,train
frame4361.jpg,1,1,both,train
frame4362.jpg,1,1,both,train
frame4363.jpg,1,1,both,train
frame4364.jpg,1,1,both,train
frame4365.jpg,1,1,both,train
frame4366.jpg,0,0,neither,train
frame4367.jpg,0,0,neither,train
frame4368.jpg,0,0,neither,train
frame4369.jpg,0,0,neither,train
frame4370.jpg,0,0,neither,train
frame4371.jpg,0,0,neither,train
frame4372.jpg,0,0,neither,train
frame4373.jpg,1,0,tom,train
frame4374.jpg,1,0,tom,train
frame4375.jpg,1,0,tom,train
frame4376.jpg,0,0,neither,train
frame4377.jpg,0,0,neither,train
frame4378.jpg,0,0,neither,train
frame4379.jpg,1,0,tom,train
frame4380.jpg,1,0,tom,train
frame4381.jpg,1,0,tom,train
frame4382.jpg,1,0,tom,train
frame4383.jpg,1,0,tom,train
frame4384.jpg,1,0,tom,train
frame4385.jpg,1,0,tom,train
frame4386.jpg,1,0,tom,train
frame4387.jpg,1,0,tom,train
frame4388.jpg,1,0,tom,train
frame4389.jpg,1,0,tom,train
frame4390.jpg,1,0,tom,train
frame4391.jpg,1,0,tom,train
frame4392.jpg,1,0,tom,train
frame4393.jpg,0,1,jerry,train
frame4394.jpg,0,1,jerry,train
frame4395.jpg,0,1,jerry,train
frame4396.jpg,0,1,jerry,train
frame4397.jpg,0,0,neither,train
frame4398.jpg,0,0,neither,train
frame4399.jpg,0,1,jerry,train
frame4400.jpg,0,1,jerry,test
frame4401.jpg,0,1,jerry,test
frame4402.jpg,0,1,jerry,test
frame4403.jpg,0,1,jerry,test
frame4404.jpg,0,1,jerry,test
frame4405.jpg,0,1,jerry,test
frame4406.jpg,0,1,jerry,test
frame4407.jpg,0,1,jerry,test
frame4408.jpg,1,0,tom,test
frame4409.jpg,1,0,tom,test
frame4410.jpg,1,0,tom,test
frame4411.jpg,0,1,jerry,test
frame4412.jpg,0,1,jerry,test
frame4413.jpg,0,1,jerry,test
frame4414.jpg,0,1,jerry,test
frame4415.jpg,0,1,jerry,test
frame4416.jpg,0,1,jerry,test
frame4417.jpg,0,0,neither,test
frame4418.jpg,0,0,neither,test
frame4419.jpg,1,0,tom,test
frame4420.jpg,1,0,tom,test
frame4421.jpg,1,0,tom,test
frame4422.jpg,1,0,tom,test
frame4423.jpg,1,0,tom,test
frame4424.jpg,1,0,tom,test
frame4425.jpg,1,0,tom,test
frame4426.jpg,1,0,tom,test
frame4427.jpg,1,0,tom,test
frame4428.jpg,1,0,tom,test
frame4429.jpg,1,0,tom,test
frame4430.jpg,1,0,tom,test
frame4431.jpg,1,0,tom,test
frame4432.jpg,1,0,tom,test
frame4433.jpg,1,0,tom,test
frame4434.jpg,1,0,tom,test
frame4435.jpg,1,0,tom,test
frame4436.jpg,1,0,tom,test
frame4437.jpg,1,0,tom,test
frame4438.jpg,1,0,tom,test
frame4439.jpg,1,0,tom,test
frame4440.jpg,1,0,tom,test
frame4441.jpg,1,0,tom,test
frame4442.jpg,1,0,tom,test
frame4443.jpg,1,0,tom,test
frame4444.jpg,1,0,tom,test
frame4445.jpg,1,0,tom,test
frame4446.jpg,1,0,tom,test
frame4447.jpg,0,0,neither,test
frame4448.jpg,1,0,tom,test
frame4449.jpg,1,0,tom,test
frame4450.jpg,1,0,tom,train
frame4451.jpg,0,0,neither,train
frame4452.jpg,0,0,neither,train
frame4453.jpg,0,0,neither,train
frame4454.jpg,0,0,neither,train
frame4455.jpg,0,0,neither,train
frame4456.jpg,0,0,neither,train
frame4457.jpg,1,0,tom,train
frame4458.jpg,1,0,tom,train
frame4459.jpg,1,0,tom,train
frame4460.jpg,1,0,tom,train
frame4461.jpg,1,0,tom,train
frame4462.jpg,0,1,jerry,train
frame4463.jpg,0,1,jerry,train
frame4464.jpg,0,1,jerry,train
frame4465.jpg,0,1,jerry,train
frame4466.jpg,1,0,tom,train
frame4467.jpg,0,1,jerry,train
frame4468.jpg,0,1,jerry,train
frame4469.jpg,0,1,jerry,train
frame4470.jpg,0,1,jerry,train
frame4471.jpg,1,1,both,train
frame4472.jpg,0,1,jerry,train
frame4473.jpg,0,1,jerry,train
frame4474.jpg,1,0,tom,train
frame4475.jpg,1,0,tom,train
frame4476.jpg,1,0,tom,train
frame4477.jpg,1,0,tom,train
frame4478.jpg,0,0,neither,train
frame4479.jpg,1,0,tom,train
frame4480.jpg,1,0,tom,train
frame4481.jpg,0,0,neither,train
frame4482.jpg,0,0,neither,train
frame4483.jpg,0,1,jerry,train
frame4484.jpg,0,1,jerry,train
frame4485.jpg,0,1,jerry,train
frame4486.jpg,0,0,neither,train
frame4487.jpg,0,1,jerry,train
frame4488.jpg,0,1,jerry,train
frame4489.jpg,0,1,jerry,train
frame4490.jpg,0,1,jerry,train
frame4491.jpg,0,1,jerry,train
frame4492.jpg,1,1,both,train
frame4493.jpg,1,1,both,train
frame4494.jpg,0,0,neither,train
frame4495.jpg,0,0,neither,train
frame4496.jpg,0,0,neither,train
frame4497.jpg,0,1,jerry,train
frame4498.jpg,0,1,jerry,train
frame4499.jpg,1,0,tom,train
frame4500.jpg,1,0,tom,test
frame4501.jpg,1,0,tom,test
frame4502.jpg,1,0,tom,test
frame4503.jpg,0,0,neither,test
frame4504.jpg,0,0,neither,test
frame4505.jpg,0,0,neither,test
frame4506.jpg,0,0,neither,test
frame4507.jpg,0,0,neither,test
frame4508.jpg,0,0,neither,test
frame4509.jpg,0,0,neither,test
frame4510.jpg,0,0,neither,test
frame4511.jpg,1,0,tom,test
frame4512.jpg,0,0,neither,test
frame4513.jpg,0,0,neither,test
frame4514.jpg,0,0,neither,test
frame4515.jpg,0,0,neither,test
frame4516.jpg,1,0,tom,test
frame4517.jpg,1,0,tom,test
frame4518.jpg,0,0,neither,test
frame4519.jpg,0,0,neither,test
frame4520.jpg,0,0,neither,test
frame4521.jpg,0,0,neither,test
frame4522.jpg,0,0,neither,test
frame4523.jpg,0,0,neither,test
frame4524.jpg,0,0,neither,test
frame4525.jpg,1,0,tom,test
frame4526.jpg,1,0,tom,test
frame4527.jpg,1,0,tom,test
frame4528.jpg,1,0,tom,test
frame4529.jpg,1,0,tom,test
frame4530.jpg,1,0,tom,test
frame4531.jpg,1,0,tom,test
frame4532.jpg,1,0,tom,test
frame4533.jpg,1,0,tom,test
frame4534.jpg,1,0,tom,test
frame4535.jpg,1,0,tom,test
frame4536.jpg,1,0,tom,test
frame4537.jpg,1,0,tom,test
frame4538.jpg,1,0,tom,test
frame4539.jpg,0,0,neither,test
frame4540.jpg,0,0,neither,test
frame4541.jpg,0,1,jerry,test
frame4542.jpg,0,1,jerry,test
frame4543.jpg,0,0,neither,test
frame4544.jpg,0,0,neither,test
frame4545.jpg,0,0,neither,test
frame4546.jpg,0,0,neither,test
frame4547.jpg,0,0,neither,test
frame4548.jpg,0,0,neither,test
frame4549.jpg,0,0,neither,test
frame4550.jpg,0,0,neither,train
frame4551.jpg,0,0,neither,train
frame4552.jpg,0,0,neither,train
frame4553.jpg,0,0,neither,train
frame4554.jpg,0,0,neither,train
frame4555.jpg,0,0,neither,train
frame4556.jpg,0,0,neither,train
frame4557.jpg,0,0,neither,train
frame4558.jpg,0,0,neither,train
frame4559.jpg,0,0,neither,train
frame4560.jpg,0,1,jerry,train
frame4561.jpg,0,0,neither,train
frame4562.jpg,0,0,neither,train
frame4563.jpg,0,0,neither,train
frame4564.jpg,0,0,neither,train
frame4565.jpg,0,0,neither,train
frame4566.jpg,0,0,neither,train
frame4567.jpg,0,0,neither,train
frame4568.jpg,0,0,neither,train
frame4569.jpg,0,0,neither,train
frame4570.jpg,0,0,neither,train
frame4571.jpg,0,0,neither,train
frame4572.jpg,0,0,neither,train
frame4573.jpg,0,0,neither,train
frame4574.jpg,0,0,neither,train
frame4575.jpg,0,1,jerry,train
frame4576.jpg,0,1,jerry,train
frame4577.jpg,1,0,tom,train
frame4578.jpg,1,0,tom,train
frame4579.jpg,1,0,tom,train
frame4580.jpg,1,0,tom,train
frame4581.jpg,1,0,tom,train
frame4582.jpg,1,0,tom,train
frame4583.jpg,1,0,tom,train
frame4584.jpg,1,0,tom,train
frame4585.jpg,1,0,tom,train
frame4586.jpg,1,0,tom,train
frame4587.jpg,0,1,jerry,train
frame4588.jpg,1,1,both,train
frame4589.jpg,1,1,both,train
frame4590.jpg,1,1,both,train
frame4591.jpg,1,0,tom,train
frame4592.jpg,1,0,tom,train
frame4593.jpg,1,0,tom,train
frame4594.jpg,1,0,tom,train
frame4595.jpg,1,0,tom,train
frame4596.jpg,1,0,tom,train
frame4597.jpg,1,0,tom,train
frame4598.jpg,0,1,jerry,train
frame4599.jpg,0,1,jerry,train
frame4600.jpg,0,1,jerry,train
frame4601.jpg,0,1,jerry,train
frame4602.jpg,1,1,both,train
frame4603.jpg,1,1,both,train
frame4604.jpg,1,0,tom,train
frame4605.jpg,1,0,tom,train
frame4606.jpg,1,0,tom,train
frame4607.jpg,1,0,tom,train
frame4608.jpg,1,0,tom,train
frame4609.jpg,1,0,tom,train
frame4610.jpg,1,0,tom,train
frame4611.jpg,1,0,tom,train
frame4612.jpg,1,0,tom,train
frame4613.jpg,1,0,tom,train
frame4614.jpg,1,0,tom,train
frame4615.jpg,1,1,both,train
frame4616.jpg,1,1,both,train
frame4617.jpg,1,1,both,train
frame4618.jpg,1,0,tom,train
frame4619.jpg,1,0,tom,train
frame4620.jpg,1,0,tom,train
frame4621.jpg,1,0,tom,train
frame4622.jpg,1,0,tom,train
frame4623.jpg,1,0,tom,train
frame4624.jpg,1,1,both,train
frame4625.jpg,1,1,both,train
frame4626.jpg,1,0,tom,train
frame4627.jpg,1,0,tom,train
frame4628.jpg,1,0,tom,train
frame4629.jpg,1,0,tom,train
frame4630.jpg,0,0,neither,train
frame4631.jpg,0,0,neither,train
frame4632.jpg,0,0,neither,train
frame4633.jpg,0,0,neither,train
frame4634.jpg,0,0,neither,train
frame4635.jpg,1,1,both,train
frame4636.jpg,1,1,both,train
frame4637.jpg,0,0,neither,train
frame4638.jpg,0,0,neither,train
frame4639.jpg,0,0,neither,train
frame4640.jpg,0,0,neither,train
frame4641.jpg,0,0,neither,train
frame4642.jpg,1,0,tom,train
frame4643.jpg,0,0,neither,train
frame4644.jpg,0,0,neither,train
frame4645.jpg,0,0,neither,train
frame4646.jpg,0,0,neither,train
frame4647.jpg,0,0,neither,train
frame4648.jpg,0,0,neither,train
frame4649.jpg,0,0,neither,train
frame4650.jpg,0,0,neither,train
frame4651.jpg,0,0,neither,train
frame4652.jpg,0,0,neither,train
frame4653.jpg,0,0,neither,train
frame4654.jpg,0,0,neither,train
frame4655.jpg,0,0,neither,train
frame4656.jpg,0,0,neither,train
frame4657.jpg,0,0,neither,train
frame4658.jpg,0,0,neither,train
frame4659.jpg,0,0,neither,train
frame4660.jpg,0,0,neither,train
frame4661.jpg,1,1,both,train
frame4662.jpg,1,0,tom,train
frame4663.jpg,1,0,tom,train
frame4664.jpg,1,0,tom,train
frame4665.jpg,1,0,tom,train
frame4666.jpg,0,0,neither,train
frame4667.jpg,0,1,jerry,train
frame4668.jpg,0,1,jerry,train
frame4669.jpg,0,1,jerry,train
frame4670.jpg,0,1,jerry,train
frame4671.jpg,0,1,jerry,train
frame4672.jpg,0,1,jerry,train
frame4673.jpg,0,1,jerry,train
frame4674.jpg,0,1,jerry,train
frame4675.jpg,0,1,jerry,train
frame4676.jpg,0,1,jerry,train
frame4677.jpg,0,1,jerry,train
frame4678.jpg,0,1,jerry,train
frame4679.jpg,0,1,jerry,train
frame4680.jpg,0,1,jerry,train
frame4681.jpg,0,1,jerry,train
frame4682.jpg,0,1,jerry,train
frame4683.jpg,0,1,jerry,train
frame4684.jpg,1,0,tom,train
frame4685.jpg,1,0,tom,train
frame4686.jpg,0,0,neither,train
frame4687.jpg,0,0,neither,train
frame4688.jpg,0,0,neither,train
frame4689.jpg,0,1,jerry,train
frame4690.jpg,0,1,jerry,train
frame4691.jpg,0,1,jerry,train
frame4692.jpg,1,0,tom,train
frame4693.jpg,1,0,tom,train
frame4694.jpg,1,0,tom,train
frame4695.jpg,1,0,tom,train
frame4696.jpg,0,0,neither,train
frame4697.jpg,0,0,neither,train
frame4698.jpg,0,0,neither,train
frame4699.jpg,0,0,neither,train
frame4700.jpg,0,0,neither,train
frame4701.jpg,0,0,neither,train
frame4702.jpg,0,0,neither,train
frame4703.jpg,0,0,neither,train
frame4704.jpg,1,0,tom,train
frame4705.jpg,1,0,tom,train
frame4706.jpg,1,0,tom,train
frame4707.jpg,1,0,tom,train
frame4708.jpg,1,0,tom,train
frame4709.jpg,1,0,tom,train
frame4710.jpg,1,0,tom,train
frame4711.jpg,1,0,tom,train
frame4712.jpg,1,0,tom,train
frame4713.jpg,1,0,tom,train
frame4714.jpg,1,0,tom,train
frame4715.jpg,1,0,tom,train
frame4716.jpg,1,0,tom,train
frame4717.jpg,1,0,tom,train
frame4718.jpg,1,0,tom,train
frame4719.jpg,1,0,tom,train
frame4720.jpg,1,0,tom,train
frame4721.jpg,1,0,tom,train
frame4722.jpg,0,1,jerry,train
frame4723.jpg,0,1,jerry,train
frame4724.jpg,0,1,jerry,train
frame4725.jpg,1,0,tom,train
frame4726.jpg,1,0,tom,train
frame4727.jpg,1,0,tom,train
frame4728.jpg,0,1,jerry,train
frame4729.jpg,0,1,jerry,train
frame4730.jpg,0,1,jerry,train
frame4731.jpg,1,0,tom,train
frame4732.jpg,1,0,tom,train
frame4733.jpg,1,1,both,train
frame4734.jpg,1,0,tom,train
frame4735.jpg,1,0,tom,train
frame4736.jpg,1,0,tom,train
frame4737.jpg,0,1,jerry,train
frame4738.jpg,0,1,jerry,train
frame4739.jpg,0,1,jerry,train
frame4740.jpg,0,1,jerry,train
frame4741.jpg,0,1,jerry,train
frame4742.jpg,0,1,jerry,train
frame4743.jpg,1,0,tom,train
frame4744.jpg,1,0,tom,train
frame4745.jpg,1,0,tom,train
frame4746.jpg,1,0,tom,train
frame4747.jpg,1,0,tom,train
frame4748.jpg,1,0,tom,train
frame4749.jpg,0,0,neither,train
frame4750.jpg,0,1,jerry,train
frame4751.jpg,0,1,jerry,train
frame4752.jpg,0,1,jerry,train
frame4753.jpg,0,1,jerry,train
frame4754.jpg,0,1,jerry,train
frame4755.jpg,0,1,jerry,train
frame4756.jpg,0,1,jerry,train
frame4757.jpg,1,0,tom,train
frame4758.jpg,1,0,tom,train
frame4759.jpg,1,0,tom,train
frame4760.jpg,1,0,tom,train
frame4761.jpg,1,0,tom,train
frame4762.jpg,1,0,tom,train
frame4763.jpg,1,0,tom,train
frame4764.jpg,1,0,tom,train
frame4765.jpg,1,0,tom,train
frame4766.jpg,1,0,tom,train
frame4767.jpg,1,0,tom,train
frame4768.jpg,1,0,tom,train
frame4769.jpg,1,0,tom,train
frame4770.jpg,1,0,tom,train
frame4771.jpg,1,0,tom,train
frame4772.jpg,0,1,jerry,train
frame4773.jpg,0,1,jerry,train
frame4774.jpg,0,1,jerry,train
frame4775.jpg,0,1,jerry,train
frame4776.jpg,0,1,jerry,train
frame4777.jpg,0,1,jerry,train
frame4778.jpg,0,1,jerry,train
frame4779.jpg,0,0,neither,train
frame4780.jpg,0,0,neither,train
frame4781.jpg,0,0,neither,train
frame4782.jpg,0,1,jerry,train
frame4783.jpg,0,1,jerry,train
frame4784.jpg,0,1,jerry,train
frame4785.jpg,0,1,jerry,train
frame4786.jpg,0,1,jerry,train
frame4787.jpg,0,1,jerry,train
frame4788.jpg,0,1,jerry,train
frame4789.jpg,1,0,tom,train
frame4790.jpg,1,0,tom,train
frame4791.jpg,1,0,tom,train
frame4792.jpg,1,0,tom,train
frame4793.jpg,1,0,tom,train
frame4794.jpg,1,0,tom,train
frame4795.jpg,1,0,tom,train
frame4796.jpg,1,0,tom,train
frame4797.jpg,1,0,tom,train
frame4798.jpg,1,1,both,train
frame4799.jpg,1,1,both,train
frame4800.jpg,1,1,both,test
frame4801.jpg,1,1,both,test
frame4802.jpg,1,1,both,test
frame4803.jpg,0,0,neither,test
frame4804.jpg,0,1,jerry,test
frame4805.jpg,0,1,jerry,test
frame4806.jpg,0,1,jerry,test
frame4807.jpg,0,1,jerry,test
frame4808.jpg,0,1,jerry,test
frame4809.jpg,0,1,jerry,test
frame4810.jpg,0,1,jerry,test
frame4811.jpg,1,0,tom,test
frame4812.jpg,1,0,tom,test
frame4813.jpg,1,0,tom,test
frame4814.jpg,1,0,tom,test
frame4815.jpg,0,1,jerry,test
frame4816.jpg,0,1,jerry,test
frame4817.jpg,0,1,jerry,test
frame4818.jpg,0,1,jerry,test
frame4819.jpg,1,0,tom,test
frame4820.jpg,1,1,both,test
frame4821.jpg,1,1,both,test
frame4822.jpg,0,0,neither,test
frame4823.jpg,1,1,both,test
frame4824.jpg,1,1,both,test
frame4825.jpg,1,1,both,test
frame4826.jpg,1,1,both,test
frame4827.jpg,1,1,both,test
frame4828.jpg,0,1,jerry,test
frame4829.jpg,0,1,jerry,test
frame4830.jpg,0,1,jerry,test
frame4831.jpg,0,1,jerry,test
frame4832.jpg,1,0,tom,test
frame4833.jpg,1,0,tom,test
frame4834.jpg,1,0,tom,test
frame4835.jpg,0,0,neither,test
frame4836.jpg,0,1,jerry,test
frame4837.jpg,0,0,neither,test
frame4838.jpg,0,0,neither,test
frame4839.jpg,0,0,neither,test
frame4840.jpg,0,1,jerry,test
frame4841.jpg,0,1,jerry,test
frame4842.jpg,0,1,jerry,test
frame4843.jpg,0,0,neither,test
frame4844.jpg,0,1,jerry,test
frame4845.jpg,0,1,jerry,test
frame4846.jpg,0,1,jerry,test
frame4847.jpg,1,0,tom,test
frame4848.jpg,1,0,tom,test
frame4849.jpg,1,0,tom,test
frame4850.jpg,1,0,tom,train
frame4851.jpg,1,0,tom,train
frame4852.jpg,1,0,tom,train
frame4853.jpg,1,0,tom,train
frame4854.jpg,0,0,neither,train
frame4855.jpg,0,0,neither,train
frame4856.jpg,0,0,neither,train
frame4857.jpg,0,0,neither,train
frame4858.jpg,0,0,neither,train
frame4859.jpg,1,0,tom,train
frame4860.jpg,1,0,tom,train
frame4861.jpg,1,0,tom,train
frame4862.jpg,1,0,tom,train
frame4863.jpg,1,0,tom,train
frame4864.jpg,1,0,tom,train
frame4865.jpg,1,0,tom,train
frame4866.jpg,1,1,both,train
frame4867.jpg,1,1,both,train
frame4868.jpg,1,1,both,train
frame4869.jpg,1,1,both,train
frame4870.jpg,1,1,both,train
frame4871.jpg,1,1,both,train
frame4872.jpg,1,1,both,train
frame4873.jpg,1,1,both,train
frame4874.jpg,1,1,both,train
frame4875.jpg,1,1,both,train
frame4876.jpg,1,0,tom,train
frame4877.jpg,1,0,tom,train
frame4878.jpg,0,0,neither,train
frame4879.jpg,0,0,neither,train
frame4880.jpg,0,0,neither,train
frame4881.jpg,0,0,neither,train
frame4882.jpg,0,1,jerry,train
frame4883.jpg,0,1,jerry,train
frame4884.jpg,0,1,jerry,train
frame4885.jpg,0,1,jerry,train
frame4886.jpg,0,1,jerry,train
frame4887.jpg,0,1,jerry,train
frame4888.jpg,0,0,neither,train
frame4889.jpg,0,0,neither,train
frame4890.jpg,0,1,jerry,train
frame4891.jpg,0,1,jerry,train
frame4892.jpg,0,1,jerry,train
frame4893.jpg,0,0,neither,train
frame4894.jpg,0,0,neither,train
frame4895.jpg,0,0,neither,train
frame4896.jpg,0,0,neither,train
frame4897.jpg,0,0,neither,train
frame4898.jpg,0,0,neither,train
frame4899.jpg,0,1,jerry,train
frame4900.jpg,1,0,tom,train
frame4901.jpg,1,0,tom,train
frame4902.jpg,1,0,tom,train
frame4903.jpg,1,0,tom,train
frame4904.jpg,1,0,tom,train
frame4905.jpg,0,1,jerry,train
frame4906.jpg,1,1,both,train
frame4907.jpg,1,1,both,train
frame4908.jpg,1,0,tom,train
frame4909.jpg,1,0,tom,train
frame4910.jpg,1,0,tom,train
frame4911.jpg,1,0,tom,train
frame4912.jpg,1,0,tom,train
frame4913.jpg,1,0,tom,train
frame4914.jpg,1,0,tom,train
frame4915.jpg,1,0,tom,train
frame4916.jpg,1,0,tom,train
frame4917.jpg,0,1,jerry,train
frame4918.jpg,0,0,neither,train
frame4919.jpg,1,0,tom,train
frame4920.jpg,1,0,tom,train
frame4921.jpg,1,0,tom,train
frame4922.jpg,1,0,tom,train
frame4923.jpg,1,0,tom,train
frame4924.jpg,1,0,tom,train
frame4925.jpg,0,0,neither,train
frame4926.jpg,0,1,jerry,train
frame4927.jpg,0,1,jerry,train
frame4928.jpg,0,1,jerry,train
frame4929.jpg,0,0,neither,train
frame4930.jpg,0,1,jerry,train
frame4931.jpg,0,1,jerry,train
frame4932.jpg,0,0,neither,train
frame4933.jpg,0,1,jerry,train
frame4934.jpg,0,1,jerry,train
frame4935.jpg,0,1,jerry,train
frame4936.jpg,0,1,jerry,train
frame4937.jpg,0,0,neither,train
frame4938.jpg,0,1,jerry,train
frame4939.jpg,0,1,jerry,train
frame4940.jpg,0,1,jerry,train
frame4941.jpg,0,0,neither,train
frame4942.jpg,0,0,neither,train
frame4943.jpg,1,0,tom,train
frame4944.jpg,1,0,tom,train
frame4945.jpg,1,0,tom,train
frame4946.jpg,1,0,tom,train
frame4947.jpg,1,0,tom,train
frame4948.jpg,1,0,tom,train
frame4949.jpg,1,0,tom,train
frame4950.jpg,1,0,tom,train
frame4951.jpg,1,0,tom,train
frame4952.jpg,1,0,tom,train
frame4953.jpg,0,0,neither,train
frame4954.jpg,0,0,neither,train
frame4955.jpg,0,1,jerry,train
frame4956.jpg,0,1,jerry,train
frame4957.jpg,0,1,jerry,train
frame4958.jpg,0,1,jerry,train
frame4959.jpg,0,1,jerry,train
frame4960.jpg,1,0,tom,train
frame4961.jpg,1,0,tom,train
frame4962.jpg,1,0,tom,train
frame4963.jpg,1,0,tom,train
frame4964.jpg,1,0,tom,train
frame4965.jpg,1,0,tom,train
frame4966.jpg,1,0,tom,train
frame4967.jpg,1,1,both,train
frame4968.jpg,1,1,both,train
frame4969.jpg,1,1,both,train
frame4970.jpg,1,1,both,train
frame4971.jpg,1,1,both,train
frame4972.jpg,1,0,tom,train
frame4973.jpg,1,1,both,train
frame4974.jpg,1,1,both,train
frame4975.jpg,1,1,both,train
frame4976.jpg,1,1,both,train
frame4977.jpg,1,0,tom,train
frame4978.jpg,1,0,tom,train
frame4979.jpg,1,0,tom,train
frame4980.jpg,1,0,tom,train
frame4981.jpg,0,1,jerry,train
frame4982.jpg,0,1,jerry,train
frame4983.jpg,0,1,jerry,train
frame4984.jpg,0,0,neither,train
frame4985.jpg,1,0,tom,train
frame4986.jpg,0,1,jerry,train
frame4987.jpg,0,1,jerry,train
frame4988.jpg,0,1,jerry,train
frame4989.jpg,1,1,both,train
frame4990.jpg,1,1,both,train
frame4991.jpg,1,1,both,train
frame4992.jpg,1,1,both,train
frame4993.jpg,1,1,both,train
frame4994.jpg,1,1,both,train
frame4995.jpg,1,0,tom,train
frame4996.jpg,0,0,neither,train
frame4997.jpg,1,0,tom,train
frame4998.jpg,1,0,tom,train
frame4999.jpg,1,0,tom,train
frame5000.jpg,1,0,tom,train
frame5001.jpg,1,0,tom,train
frame5002.jpg,1,0,tom,train
frame5003.jpg,1,0,tom,train
frame5004.jpg,1,0,tom,train
frame5005.jpg,1,0,tom,train
frame5006.jpg,1,0,tom,train
frame5007.jpg,1,0,tom,train
frame5008.jpg,1,0,tom,train
frame5009.jpg,1,0,tom,train
frame5010.jpg,1,0,tom,train
frame5011.jpg,1,0,tom,train
frame5012.jpg,1,0,tom,train
frame5013.jpg,0,0,neither,train
frame5014.jpg,0,0,neither,train
frame5015.jpg,0,0,neither,train
frame5016.jpg,0,0,neither,train
frame5017.jpg,1,0,tom,train
frame5018.jpg,1,0,tom,train
frame5019.jpg,1,0,tom,train
frame5020.jpg,1,0,tom,train
frame5021.jpg,1,0,tom,train
frame5022.jpg,0,0,neither,train
frame5023.jpg,0,0,neither,train
frame5024.jpg,0,0,neither,train
frame5025.jpg,0,1,jerry,train
frame5026.jpg,0,1,jerry,train
frame5027.jpg,0,1,jerry,train
frame5028.jpg,0,1,jerry,train
frame5029.jpg,0,1,jerry,train
frame5030.jpg,0,1,jerry,train
frame5031.jpg,0,1,jerry,train
frame5032.jpg,0,1,jerry,train
frame5033.jpg,0,1,jerry,train
frame5034.jpg,0,1,jerry,train
frame5035.jpg,0,0,neither,train
frame5036.jpg,1,0,tom,train
frame5037.jpg,1,0,tom,train
frame5038.jpg,1,0,tom,train
frame5039.jpg,1,0,tom,train
frame5040.jpg,1,0,tom,train
frame5041.jpg,0,0,neither,train
frame5042.jpg,1,0,tom,train
frame5043.jpg,1,0,tom,train
frame5044.jpg,1,0,tom,train
frame5045.jpg,1,0,tom,train
frame5046.jpg,1,0,tom,train
frame5047.jpg,1,0,tom,train
frame5048.jpg,1,0,tom,train
frame5049.jpg,1,0,tom,train
frame5050.jpg,1,0,tom,train
frame5051.jpg,1,0,tom,train
frame5052.jpg,1,0,tom,train
frame5053.jpg,1,0,tom,train
frame5054.jpg,1,0,tom,train
frame5055.jpg,1,0,tom,train
frame5056.jpg,1,0,tom,train
frame5057.jpg,1,0,tom,train
frame5058.jpg,1,0,tom,train
frame5059.jpg,1,1,both,train
frame5060.jpg,1,1,both,train
frame5061.jpg,1,1,both,train
frame5062.jpg,1,0,tom,train
frame5063.jpg,1,0,tom,train
frame5064.jpg,1,0,tom,train
frame5065.jpg,1,0,tom,train
frame5066.jpg,1,0,tom,train
frame5067.jpg,1,0,tom,train
frame5068.jpg,1,0,tom,train
frame5069.jpg,1,0,tom,train
frame5070.jpg,1,0,tom,train
frame5071.jpg,1,0,tom,train
frame5072.jpg,1,0,tom,train
frame5073.jpg,0,0,neither,train
frame5074.jpg,0,0,neither,train
frame5075.jpg,0,0,neither,train
frame5076.jpg,0,0,neither,train
frame5077.jpg,0,1,jerry,train
frame5078.jpg,0,1,jerry,train
frame5079.jpg,0,1,jerry,train
frame5080.jpg,0,1,jerry,train
frame5081.jpg,0,1,jerry,train
frame5082.jpg,0,0,neither,train
frame5083.jpg,0,0,neither,train
frame5084.jpg,0,0,neither,train
frame5085.jpg,0,0,neither,train
frame5086.jpg,0,1,jerry,train
frame5087.jpg,0,1,jerry,train
frame5088.jpg,0,1,jerry,train
frame5089.jpg,0,1,jerry,train
frame5090.jpg,0,1,jerry,train
frame5091.jpg,0,0,neither,train
frame5092.jpg,0,1,jerry,train
frame5093.jpg,0,1,jerry,train
frame5094.jpg,0,1,jerry,train
frame5095.jpg,0,0,neither,train
frame5096.jpg,0,0,neither,train
frame5097.jpg,0,0,neither,train
frame5098.jpg,0,1,jerry,train
frame5099.jpg,0,0,neither,train
frame5100.jpg,0,0,neither,train
frame5101.jpg,0,1,jerry,train
frame5102.jpg,0,1,jerry,train
frame5103.jpg,0,0,neither,train
frame5104.jpg,0,0,neither,train
frame5105.jpg,0,1,jerry,train
frame5106.jpg,0,1,jerry,train
frame5107.jpg,0,1,jerry,train
frame5108.jpg,1,0,tom,train
frame5109.jpg,1,0,tom,train
frame5110.jpg,0,0,neither,train
frame5111.jpg,0,1,jerry,train
frame5112.jpg,0,1,jerry,train
frame5113.jpg,0,1,jerry,train
frame5114.jpg,0,1,jerry,train
frame5115.jpg,0,1,jerry,train
frame5116.jpg,0,1,jerry,train
frame5117.jpg,0,0,neither,train
frame5118.jpg,0,0,neither,train
frame5119.jpg,0,0,neither,train
frame5120.jpg,0,0,neither,train
frame5121.jpg,0,1,jerry,train
frame5122.jpg,1,0,tom,train
frame5123.jpg,1,1,both,train
frame5124.jpg,1,1,both,train
frame5125.jpg,1,1,both,train
frame5126.jpg,1,0,tom,train
frame5127.jpg,1,0,tom,train
frame5128.jpg,0,1,jerry,train
frame5129.jpg,0,1,jerry,train
frame5130.jpg,0,1,jerry,train
frame5131.jpg,0,1,jerry,train
frame5132.jpg,0,1,jerry,train
frame5133.jpg,0,1,jerry,train
frame5134.jpg,0,1,jerry,train
frame5135.jpg,0,1,jerry,train
frame5136.jpg,0,1,jerry,train
frame5137.jpg,0,1,jerry,train
frame5138.jpg,1,0,tom,train
frame5139.jpg,0,1,jerry,train
frame5140.jpg,0,1,jerry,train
frame5141.jpg,0,0,neither,train
frame5142.jpg,0,1,jerry,train
frame5143.jpg,0,0,neither,train
frame5144.jpg,0,0,neither,train
frame5145.jpg,0,0,neither,train
frame5146.jpg,0,0,neither,train
frame5147.jpg,0,1,jerry,train
frame5148.jpg,0,1,jerry,train
frame5149.jpg,0,0,neither,train
frame5150.jpg,0,0,neither,test
frame5151.jpg,0,0,neither,test
frame5152.jpg,0,1,jerry,test
frame5153.jpg,0,1,jerry,test
frame5154.jpg,0,1,jerry,test
frame5155.jpg,1,1,both,test
frame5156.jpg,1,1,both,test
frame5157.jpg,1,1,both,test
frame5158.jpg,1,1,both,test
frame5159.jpg,1,1,both,test
frame5160.jpg,1,1,both,test
frame5161.jpg,1,1,both,test
frame5162.jpg,1,1,both,test
frame5163.jpg,0,1,jerry,test
frame5164.jpg,0,1,jerry,test
frame5165.jpg,0,1,jerry,test
frame5166.jpg,0,1,jerry,test
frame5167.jpg,0,1,jerry,test
frame5168.jpg,0,1,jerry,test
frame5169.jpg,0,1,jerry,test
frame5170.jpg,0,1,jerry,test
frame5171.jpg,0,1,jerry,test
frame5172.jpg,0,1,jerry,test
frame5173.jpg,0,1,jerry,test
frame5174.jpg,0,0,neither,test
frame5175.jpg,1,0,tom,test
frame5176.jpg,1,0,tom,test
frame5177.jpg,1,0,tom,test
frame5178.jpg,1,0,tom,test
frame5179.jpg,1,0,tom,test
frame5180.jpg,1,0,tom,test
frame5181.jpg,1,0,tom,test
frame5182.jpg,0,0,neither,test
frame5183.jpg,0,0,neither,test
frame5184.jpg,0,0,neither,test
frame5185.jpg,0,0,neither,test
frame5186.jpg,0,0,neither,test
frame5187.jpg,1,0,tom,test
frame5188.jpg,1,0,tom,test
frame5189.jpg,1,0,tom,test
frame5190.jpg,1,0,tom,test
frame5191.jpg,1,0,tom,test
frame5192.jpg,1,0,tom,test
frame5193.jpg,1,0,tom,test
frame5194.jpg,1,0,tom,test
frame5195.jpg,0,0,neither,test
frame5196.jpg,0,0,neither,test
frame5197.jpg,0,0,neither,test
frame5198.jpg,0,0,neither,test
frame5199.jpg,0,0,neither,test
frame5200.jpg,0,0,neither,val
frame5201.jpg,0,0,neither,val
frame5202.jpg,0,0,neither,val
frame5203.jpg,0,1,jerry,val
frame5204.jpg,1,0,tom,val
frame5205.jpg,0,1,jerry,val
frame5206.jpg,1,0,tom,val
frame5207.jpg,1,0,tom,val
frame5208.jpg,1,0,tom,val
frame5209.jpg,1,0,tom,val
frame5210.jpg,1,0,tom,val
frame5211.jpg,1,0,tom,val
frame5212.jpg,1,0,tom,val
frame5213.jpg,1,0,tom,val
frame5214.jpg,1,0,tom,val
frame5215.jpg,1,0,tom,val
frame5216.jpg,0,0,neither,val
frame5217.jpg,1,0,tom,val
frame5218.jpg,0,0,neither,val
frame5219.jpg,0,0,neither,val
frame5220.jpg,0,1,jerry,val
frame5221.jpg,0,1,jerry,val
frame5222.jpg,1,1,both,val
frame5223.jpg,1,1,both,val
frame5224.jpg,1,1,both,val
frame5225.jpg,0,0,neither,val
frame5226.jpg,0,1,jerry,val
frame5227.jpg,0,0,neither,val
frame5228.jpg,1,0,tom,val
frame5229.jpg,1,1,both,val
frame5230.jpg,1,1,both,val
frame5231.jpg,1,1,both,val
frame5232.jpg,0,0,neither,val
frame5233.jpg,1,0,tom,val
frame5234.jpg,1,0,tom,val
frame5235.jpg,1,1,both,val
frame5236.jpg,1,1,both,val
frame5237.jpg,1,1,both,val
frame5238.jpg,0,1,jerry,val
frame5239.jpg,1,1,both,val
frame5240.jpg,0,0,neither,val
frame5241.jpg,1,0,tom,val
frame5242.jpg,1,0,tom,val
frame5243.jpg,1,0,tom,val
frame5244.jpg,1,0,tom,val
frame5245.jpg,0,0,neither,val
frame5246.jpg,0,1,jerry,val
frame5247.jpg,0,1,jerry,val
frame5248.jpg,0,1,jerry,val
frame5249.jpg,0,1,jerry,val
frame5250.jpg,0,1,jerry,train
frame5251.jpg,0,1,jerry,train
frame5252.jpg,0,1,jerry,train
frame5253.jpg,0,0,neither,train
frame5254.jpg,0,0,neither,train
frame5255.jpg,0,0,neither,train
frame5256.jpg,0,0,neither,train
frame5257.jpg,0,1,jerry,train
frame5258.jpg,0,1,jerry,train
frame5259.jpg,0,1,jerry,train
frame5260.jpg,0,1,jerry,train
frame5261.jpg,0,1,jerry,train
frame5262.jpg,0,0,neither,train
frame5263.jpg,1,1,both,train
frame5264.jpg,1,1,both,train
frame5265.jpg,1,1,both,train
frame5266.jpg,1,1,both,train
frame5267.jpg,1,1,both,train
frame5268.jpg,1,1,both,train
frame5269.jpg,1,1,both,train
frame5270.jpg,1,1,both,train
frame5271.jpg,1,1,both,train
frame5272.jpg,1,1,both,train
frame5273.jpg,1,1,both,train
frame5274.jpg,1,1,both,train
frame5275.jpg,1,1,both,train
frame5276.jpg,1,1,both,train
frame5277.jpg,0,1,jerry,train
frame5278.jpg,0,1,jerry,train
frame5279.jpg,1,0,tom,train
frame5280.jpg,1,0,tom,train
frame5281.jpg,1,0,tom,train
frame5282.jpg,0,0,neither,train
frame5283.jpg,1,0,tom,train
frame5284.jpg,1,0,tom,train
frame5285.jpg,1,0,tom,train
frame5286.jpg,1,0,tom,train
frame5287.jpg,1,0,tom,train
frame5288.jpg,1,0,tom,train
frame5289.jpg,1,0,tom,train
frame5290.jpg,1,0,tom,train
frame5291.jpg,1,0,tom,train
frame5292.jpg,1,0,tom,train
frame5293.jpg,1,0,tom,train
frame5294.jpg,0,0,neither,train
frame5295.jpg,0,0,neither,train
frame5296.jpg,0,0,neither,train
frame5297.jpg,0,0,neither,train
frame5298.jpg,1,0,tom,train
frame5299.jpg,0,0,neither,train
frame5300.jpg,0,0,neither,train
frame5301.jpg,1,0,tom,train
frame5302.jpg,0,0,neither,train
frame5303.jpg,0,0,neither,train
frame5304.jpg,1,0,tom,train
frame5305.jpg,0,0,neither,train
frame5306.jpg,1,0,tom,train
frame5307.jpg,1,0,tom,train
frame5308.jpg,1,0,tom,train
frame5309.jpg,0,0,neither,train
frame5310.jpg,0,0,neither,train
frame5311.jpg,0,0,neither,train
frame5312.jpg,0,0,neither,train
frame5313.jpg,0,0,neither,train
frame5314.jpg,0,0,neither,train
frame5315.jpg,0,0,neither,train
frame5316.jpg,1,0,tom,train
frame5317.jpg,0,0,neither,train
frame5318.jpg,0,0,neither,train
frame5319.jpg,1,0,tom,train
frame5320.jpg,1,0,tom,train
frame5321.jpg,1,0,tom,train
frame5322.jpg,1,0,tom,train
frame5323.jpg,1,0,tom,train
frame5324.jpg,1,0,tom,train
frame5325.jpg,1,0,tom,train
frame5326.jpg,1,0,tom,train
frame5327.jpg,0,0,neither,train
frame5328.jpg,0,0,neither,train
frame5329.jpg,0,0,neither,train
frame5330.jpg,0,0,neither,train
frame5331.jpg,0,0,neither,train
frame5332.jpg,0,0,neither,train
frame5333.jpg,0,0,neither,train
frame5334.jpg,0,0,neither,train
frame5335.jpg,0,0,neither,train
frame5336.jpg,0,0,neither,train
frame5337.jpg,0,0,neither,train
frame5338.jpg,0,0,neither,train
frame5339.jpg,0,0,neither,train
frame5340.jpg,1,0,tom,train
frame5341.jpg,1,0,tom,train
frame5342.jpg,1,0,tom,train
frame5343.jpg,0,1,jerry,train
frame5344.jpg,0,1,jerry,train
frame5345.jpg,0,1,jerry,train
frame5346.jpg,1,1,both,train
frame5347.jpg,1,1,both,train
frame5348.jpg,1,1,both,train
frame5349.jpg,1,1,both,train
frame5350.jpg,1,0,tom,train
frame5351.jpg,1,0,tom,train
frame5352.jpg,1,0,tom,train
frame5353.jpg,1,1,both,train
frame5354.jpg,1,1,both,train
frame5355.jpg,1,1,both,train
frame5356.jpg,1,1,both,train
frame5357.jpg,1,1,both,train
frame5358.jpg,1,1,both,train
frame5359.jpg,1,1,both,train
frame5360.jpg,0,1,jerry,train
frame5361.jpg,0,1,jerry,train
frame5362.jpg,0,1,jerry,train
frame5363.jpg,0,1,jerry,train
frame5364.jpg,0,1,jerry,train
frame5365.jpg,0,1,jerry,train
frame5366.jpg,0,1,jerry,train
frame5367.jpg,0,1,jerry,train
frame5368.jpg,0,0,neither,train
frame5369.jpg,0,0,neither,train
frame5370.jpg,0,0,neither,train
frame5371.jpg,0,0,neither,train
frame5372.jpg,0,0,neither,train
frame5373.jpg,0,0,neither,train
frame5374.jpg,0,0,neither,train
frame5375.jpg,0,0,neither,train
frame5376.jpg,1,0,tom,train
frame5377.jpg,1,0,tom,train
frame5378.jpg,0,0,neither,train
frame5379.jpg,0,0,neither,train
frame5380.jpg,0,0,neither,train
frame5381.jpg,0,0,neither,train
frame5382.jpg,0,0,neither,train
frame5383.jpg,0,0,neither,train
frame5384.jpg,1,0,tom,train
frame5385.jpg,1,0,tom,train
frame5386.jpg,1,0,tom,train
frame5387.jpg,1,0,tom,train
frame5388.jpg,1,0,tom,train
frame5389.jpg,1,0,tom,train
frame5390.jpg,1,0,tom,train
frame5391.jpg,0,1,jerry,train
frame5392.jpg,0,1,jerry,train
frame5393.jpg,0,1,jerry,train
frame5394.jpg,0,1,jerry,train
frame5395.jpg,1,0,tom,train
frame5396.jpg,1,0,tom,train
frame5397.jpg,0,1,jerry,train
frame5398.jpg,0,1,jerry,train
frame5399.jpg,0,1,jerry,train
frame5400.jpg,0,1,jerry,train
frame5401.jpg,0,1,jerry,train
frame5402.jpg,0,0,neither,train
frame5403.jpg,1,0,tom,train
frame5404.jpg,1,0,tom,train
frame5405.jpg,1,1,both,train
frame5406.jpg,1,1,both,train
frame5407.jpg,1,0,tom,train
frame5408.jpg,0,1,jerry,train
frame5409.jpg,0,1,jerry,train
frame5410.jpg,0,1,jerry,train
frame5411.jpg,0,1,jerry,train
frame5412.jpg,0,0,neither,train
frame5413.jpg,1,0,tom,train
frame5414.jpg,1,1,both,train
frame5415.jpg,1,1,both,train
frame5416.jpg,1,1,both,train
frame5417.jpg,1,1,both,train
frame5418.jpg,1,1,both,train
frame5419.jpg,1,0,tom,train
frame5420.jpg,0,1,jerry,train
frame5421.jpg,1,1,both,train
frame5422.jpg,1,1,both,train
frame5423.jpg,1,1,both,train
frame5424.jpg,1,1,both,train
frame5425.jpg,1,1,both,train
frame5426.jpg,1,0,tom,train
frame5427.jpg,0,1,jerry,train
frame5428.jpg,0,0,neither,train
frame5429.jpg,0,0,neither,train
frame5430.jpg,0,0,neither,train
frame5431.jpg,0,0,neither,train
frame5432.jpg,0,0,neither,train
frame5433.jpg,0,1,jerry,train
frame5434.jpg,0,1,jerry,train
frame5435.jpg,0,1,jerry,train
frame5436.jpg,0,1,jerry,train
frame5437.jpg,0,0,neither,train
frame5438.jpg,0,1,jerry,train
frame5439.jpg,1,1,both,train
frame5440.jpg,1,1,both,train
frame5441.jpg,1,1,both,train
frame5442.jpg,1,1,both,train
frame5443.jpg,1,1,both,train
frame5444.jpg,1,1,both,train
frame5445.jpg,1,1,both,train
frame5446.jpg,1,1,both,train
frame5447.jpg,1,1,both,train
frame5448.jpg,1,1,both,train
frame5449.jpg,1,1,both,train
frame5450.jpg,1,0,tom,train
frame5451.jpg,1,0,tom,train
frame5452.jpg,1,0,tom,train
frame5453.jpg,1,0,tom,train
frame5454.jpg,1,0,tom,train
frame5455.jpg,1,0,tom,train
frame5456.jpg,1,0,tom,train
frame5457.jpg,0,1,jerry,train
frame5458.jpg,1,0,tom,train
frame5459.jpg,1,0,tom,train
frame5460.jpg,0,1,jerry,train
frame5461.jpg,0,1,jerry,train
frame5462.jpg,0,1,jerry,train
frame5463.jpg,0,1,jerry,train
frame5464.jpg,0,0,neither,train
frame5465.jpg,0,0,neither,train
frame5466.jpg,0,1,jerry,train
frame5467.jpg,0,1,jerry,train
frame5468.jpg,1,0,tom,train
frame5469.jpg,1,0,tom,train
frame5470.jpg,1,0,tom,train
frame5471.jpg,0,1,jerry,train
frame5472.jpg,0,1,jerry,train
frame5473.jpg,0,0,neither,train
frame5474.jpg,0,0,neither,train
frame5475.jpg,0,0,neither,train
frame5476.jpg,0,0,neither,train
frame5477.jpg,0,0,neither,train
